 Boro-Block-Lot, Condo Section, Neighborhood, Building Classification, Total Units, Year Built, Gross SqFt, Est. Gross Income, Gross Income per SqFt, Full Market Value,Market Value per SqFt,Normalized Market Value per SqFt,Normalized Gross Income,Normalized Gross Income per sqt,normailized full market value
1-00751-7501,1328-R1,0,1,17,2002,15480,530000,34.2,2659999,172,221.8375055,682815.842,44.10955052,3434044.585
1-00764-7501,656-R1,0,0,22,1986,16478,560000,34,2819996,171,220.5477526,722586.6636,43.85159993,3634185.867
1-00721-7501,443-R1,0,2,713,1920,616965,19126000,31,92700001,150,193.4629409,24667705.09,39.98234112,119359863.3
1-00723-7501,1499-R1,0,1,52,1914,96088,3123000,32.5,15100000,157,202.4912115,4027717.863,41.91697052,19456975.53
1-00693-7501,1134-R1,0,1,12,1930,28207,959000,34,4820000,171,220.5477526,1236922.079,43.85159993,6220990.458
1-00746-7506,1441-R1,0,1,77,1948,36000,1150000,31.9,5570007,155,199.9117056,1481152.275,41.14311876,7196821.402
1-00746-7502,124-R1,0,1,44,1985,53937,1888000,35,9489993,176,226.9965173,2434789.15,45.14135287,12243511.15
1-00746-7503,206-R1,0,2,221,1931,151785,5313000,35,18888888,124,159.9293645,6851780.245,45.14135287,24274878.59
1-00716-7501,1477-R1,0,1,42,1900,49892,2000000,40.1,10099998,202,260.5300937,2580368.981,51.71909286,12998367.43
1-00746-7505,875-R1,0,1,11,1911,16083,579000,36,2444383,152,196.0424468,746751.4747,46.43110581,3152950.672
1-00746-7504,309-R1,0,1,26,1920,30908,958000,31,4640003,150,193.4629409,1235774.199,39.98234112,5979552.577
1-00742-7501,142-R1,0,1,60,1950,52698,1476000,28,5441123,103,132.8445527,1903087.211,36.1130823,7000642.238
1-00717-7501,572-R1,0,1,71,1989,54355,1900000,35,9550003,176,226.9965173,2453658.235,45.14135287,12338395.7
1-00720-7501,228-R1,0,1,39,1985,37431,1366000,36.5,6779991,181,233.445282,1762101.093,47.07598228,8738090.351
1-00695-7504,1523-R1,0,1,22,2004,49658,2135000,43,10700000,215,277.2968819,2754001.713,55.45937639,13770008.56
1-00745-7502,739-R1,0,2,218,1963,196721,5213000,26.5,25300000,129,166.3781292,6723619.431,34.17845289,32730071.95
1-00694-7501,964-R1,0,1,30,1930,72274,2222000,30.7,10800002,149,192.1731879,2861719.04,39.59541523,13889124.98
1-00720-7502,368-R1,0,1,11,1900,8408,344000,40.9,1729996,206,265.6891055,443529.5269,52.75089521,2233913.999
1-00745-7503,1044-R1,0,2,70,1998,66668,2461000,36.9,12400000,186,239.8940467,3172855.687,47.59188346,15993256.31
1-00695-7503,1466-R1,0,1,336,2005,272102,11700000,43,58799998,216,278.5866349,15090607.23,55.45937639,75803980.53
1-00738-7501,615-R1,0,2,117,1973,110995,3441000,31,16700000,150,193.4629409,4437839.953,39.98234112,21473419.13
1-00716-7502,1566-R1,0,1,20,1920,22920,650000,28.4,3150003,137,176.6961527,839536.3011,36.62898347,4049875.82
1-00738-7502,1326-R1,0,1,22,1930,37402,1122000,30,5439999,145,187.0141762,1447180.183,38.69258818,6994704.218
1-00764-7502,794-R1,0,0,34,0,19979,679000,34,3409992,171,220.5477526,876111.115,43.85159993,4406323.549
1-00766-7501,276-R1,0,1,16,1985,19718,651000,33,3149999,160,206.3604703,839234.4989,42.56184699,4069015.753
1-00766-7502,629-R1,0,1,156,1989,141673,4534000,32,21999998,155,199.9117056,5847141.38,41.27209405,28322091.07
1-00766-7503,1176-R1,0,1,11,1910,62304,2350000,37.7,11799999,189,243.7633055,3029450.121,48.62368581,15187428.99
1-00767-7502,943-R1,0,1,32,1907,83519,2380000,28.5,11499992,138,177.9859056,3069987.959,36.75795877,14865204.85
1-00767-7503,2000-R1,0,1,37,2000,63723,2290000,35.9,11500001,180,232.1555291,2950510.663,46.30213052,14793646.78
1-00767-7504,1305-R1,0,1,31,0,52645,1948000,37,9789998,186,239.8940467,2512264.609,47.72085875,12629222.09
1-00768-7501,249-R1,0,1,69,1939,51717,1295000,25,5789990,112,144.4523292,1667553.819,32.24382348,7470641.109
1-00768-7502,479-R1,0,1,109,1962,99750,3100000,31.1,14445194,145,187.0141762,4001103.812,40.11131641,18654664.08
1-00768-7504,1442-R1,0,1,14,2004,23052,955000,41.4,4800000,208,268.2686114,1230879.329,53.39577168,6184128.03
1-00769-7503,502-R1,0,2,197,1980,117094,3864000,33,18700000,160,206.3604703,4983736.911,42.56184699,24163572.91
1-00769-7505,1239-R1,0,1,43,1910,69856,2026000,29,9819997,141,181.8551644,2612812.459,37.40283524,12703674.36
1-00769-7506,1269-R1,0,1,12,2002,26711,1068000,40,5370000,201,259.2403408,1378023.63,51.59011757,6924568.743
1-00773-7501,1427-R1,0,1,20,2004,26484,1112000,42,5589999,211,272.1378702,1434628.307,54.16962345,7207299.354
1-00773-7502,1476-R1,0,1,12,1900,44800,1800000,40.2,9050008,202,260.5300937,2322793.454,51.84806816,11671748.2
1-00774-7501,1140-R1,0,1,351,1910,552679,17500000,31.7,84799985,153,197.3321997,22596373.86,40.88516817,109061362.8
1-00790-7502,1222-R1,0,2,213,2001,180281,6670000,37,33500000,186,239.8940467,8603164.136,47.72085875,43248338.63
1-00790-7502,1222-R2,0,2,62,2001,97866,3621000,37,18200000,186,239.8940467,4670249.562,47.72085875,23477470.77
1-00792-7501,157-R1,0,1,48,1918,39792,955000,24,4270001,107,138.0035645,1231724.375,30.95407054,5491437.839
1-00792-7503,467-R1,0,2,14,1906,31650,760000,24.01,3400000,107,138.0035645,980104.5394,30.96696807,4367812.816
1-00792-7504,710-R1,0,2,155,1930,138320,4400000,31.8,17777777,129,166.3781292,5673076.325,41.01414347,23013422.83
1-00793-7501,69-R1,0,1,35,1900,61572,1727000,28,8369996,136,175.4063997,2223554.703,36.1130823,10800122.84
1-00793-7505,1234-R1,0,1,51,2001,96570,3865000,40,19400000,201,259.2403408,4982057.654,51.59011757,25034839.71
1-00793-7506,1314-R1,0,1,18,1910,54708,1669000,30.5,8090000,148,190.883435,2152074.016,39.33746465,10442850.96
1-00794-7501,1596-R1,0,1,64,2005,118000,4720000,40,23700000,201,259.2403408,6087633.873,51.59011757,30590360.21
1-00794-7502,1638-R1,0,1,26,2006,45457,2200000,48.4,13300000,293,377.8976112,2837609.689,62.42404226,17178091.71
1-00795-7501,1552-R1,0,1,67,1903,120050,4800000,40,24099996,201,259.2403408,6193393.614,51.59011757,31121802.91
1-00796-7501,393-R1,0,1,45,1987,31800,986000,31,4779998,150,193.4629409,1271438.448,39.98234112,6152121.521
1-00796-7502,781-R1,0,1,28,1875,41294,1074000,26,5199998,126,162.5088703,1384735.505,33.53357642,6710641.29
1-00796-7503,1116-R1,0,1,15,1905,32085,963000,30,4670002,146,188.3039291,1241451.692,38.69258818,6041731.565
1-00796-7504,1437-R1,0,1,49,1900,84890,3650000,43,18400002,217,279.8763878,4707946.462,55.45937639,23758706.56
1-00797-7502,1122-R1,0,1,22,1911,51048,1535000,30.1,7440001,146,188.3039291,1981763.172,38.82156347,9612538.973
1-00797-7505,1372-R1,0,1,13,2003,27270,1010000,37,5080001,186,239.8940467,1301347.818,47.72085875,6541910.654
1-00798-7502,177-R1,0,1,120,1973,119125,4527000,38,22800009,191,246.3428114,5838389.118,49.01061169,29345587.41
1-00798-7503,729-R1,0,1,21,1950,28124,984000,35,3933321,140,180.5654115,1269555.408,45.14135287,5078221.633
1-00800-7501,970-R1,0,1,34,1911,81331,3255000,40,16399999,202,260.5300937,4195875.852,51.59011757,21189173.05
1-00801-7502,1195-R1,0,1,25,1922,43448,1600000,36.8,8039998,185,238.6042938,2062168.434,47.46290816,10366879.36
1-00802-7501,848-R1,0,1,27,1911,70181,2527000,36,12700000,181,233.445282,3258581.437,46.43110581,16383423.34
1-00803-7501,766-R1,0,1,93,1926,94649,3597000,38,18099992,191,246.3428114,4638805.386,49.01061169,23316100.76
1-00375-7501,1213-R1,1,1,25,2001,27798,685000,24.64,3060000,110,143.9856764,896563.0984,32.25279151,4002513.833
1-00384-7503,1720-R1,1,1,23,2005,34734,1042000,30,5050002,145,189.7993007,1363963.223,39.26882083,6592488.911
1-00385-7501,1618-R1,1,1,47,2005,36472,1755650,48.1,8830000,242,316.768488,2296313.935,62.9610094,11553180.29
1-00386-7501,548-R1,1,0,13,1920,18990,350000,18.43,1420000,75,98.17205208,458117.5249,24.1241456,1864287.269
1-00389-7501,545-R1,1,2,30,1901,20940,460000,21.97,2060000,98,128.2781481,602189.7237,28.75786646,2686144.421
1-00390-7501,1183-R1,1,1,16,2000,15704,530000,33.7,2570001,164,214.6695539,692734.4617,44.1119754,3371170.674
1-00390-7502,1125-R1,1,2,78,2001,65832,2490000,37.8,12500000,190,248.7025319,3257282.717,49.47871425,16372585.08
1-00392-7501,341-R1,1,1,83,1928,78982,1770000,22.41,7910002,100,130.8960694,2316842.915,29.33380916,10338433.35
1-00393-7501,1138-R1,1,0,35,1999,36046,1200000,33.3,5810006,161,210.7426718,1571187.146,43.58839112,7596430.348
1-00394-7502,1113-R1,1,0,12,2001,14376,469000,32.6,2269998,158,206.8157897,613454.3776,42.67211864,2973183.793
1-00394-7503,1124-R1,1,0,12,2001,11495,390000,33.9,1959999,171,223.8322787,510076.4579,44.37376754,2572952.044
1-00397-7501,489-R1,1,1,21,1920,20038,470000,23.46,2099999,105,137.4408729,615331.2701,30.70821789,2754040.211
1-00397-7502,628-R1,1,1,16,1920,19854,435000,21.91,1939999,98,128.2781481,569399.3942,28.67932881,2546834.352
1-00398-7501,394-R1,1,0,41,1987,35664,1030000,28.9,4989992,140,183.2544972,1349132.175,37.82896407,6535588.388
1-00399-7501,602-R1,1,2,17,1920,21314,465000,21.82,2080000,98,128.2781481,608760.2874,28.56152235,2734120.449
1-00405-7503,1104-R1,1,0,12,1999,14376,485000,33.7,2350002,163,213.3605932,634153.7584,44.1119754,3067271.888
1-00405-7504,1447-R1,1,1,26,1965,29906,1035000,34.6,5199999,174,227.7591608,1354443.937,45.29004003,6811365.463
1-00406-7501,852-R1,1,0,24,1900,15021,265000,17.64,1080002,72,94.24517,346835.8911,23.09006665,1415656.699
1-00407-7501,338-R1,1,0,18,1984,9701,200000,20.62,894000,92,120.4243839,261837.4551,26.99076952,1168236.948
1-00407-7502,1081-R1,1,0,18,1999,19119,555000,29,2690002,141,184.5634579,725754.566,37.95986014,3528668.752
1-00432-7501,714-R1,1,1,32,1991,23605,770000,32.6,3729999,158,206.8157897,1007275.36,42.67211864,4881886.716
1-00432-7502,840-R1,1,2,26,1900,21586,400000,18.53,2939200,136,178.0186544,523569.3295,24.25504167,3842710.674
1-00434-7501,642-R1,1,1,20,1920,11229,240000,21.37,1070000,95,124.351266,314103.0907,27.97249004,1396340.366
1-00438-7502,1207-R1,1,1,13,2001,15742,530000,33.7,2569995,163,213.3605932,694410.7167,44.1119754,3358722.458
1-00440-7502,1264-R1,1,1,27,1900,30462,890000,29.2,4310001,141,184.5634579,1164307.972,38.22165228,5622172.055
1-00440-7503,1503-R1,1,0,13,1900,20099,360000,17.91,1459996,73,95.55413069,471190.6259,23.44348604,1920542.473
1-00441-7501,292-R1,1,1,40,1911,25528,709000,27.8,3439996,135,176.7096937,928941.1312,36.3891073,4511045.061
1-00441-7503,1766-R1,1,1,96,2007,93382,4098428,43.9,20599997,221,289.2803135,5366044.836,57.46337448,27013574.24
1-00444-7501,271-R1,1,1,20,1900,17225,445000,25.8,2160000,125,163.6200868,581708.6775,33.77118592,2818355.995
1-00446-7501,695-R1,1,2,28,2004,17793,465000,26.1,2250000,126,164.9290475,607877.8122,34.16387412,2934582.542
1-00446-7502,705-R1,1,2,66,1920,67764,1380000,20.36,6170000,91,119.1154232,1805940.399,26.65043974,8071737.538
1-00447-7501,777-R1,1,2,20,1900,11574,255000,22.03,1140000,98,128.2781481,333752.5411,28.8364041,1484691.286
1-00451-7502,1231-R1,1,1,35,1999,62556,1980000,31.7,9589999,153,200.2709862,2595702.043,41.49405401,12528151.81
1-00462-7501,901-R1,1,2,34,1991,36693,995000,27.1,4820000,131,171.473851,1301604.728,35.47283482,6291890.015
1-00463-7501,224-R1,1,1,36,1984,24528,885000,36.1,4449997,181,236.9218857,1159033.384,47.25348107,5811220.012
1-00464-7501,643-R1,1,1,14,1900,14650,420000,28.7,1768930,121,158.384244,550359.0688,37.56717193,2320329.175
1-00466-7501,1804-R1,1,2,28,2006,30662,1607770,52,8079999,264,345.5656233,2087038.346,68.06595611,10595733.14
1-00468-7501,203-R1,1,2,16,1900,21607,545000,25.2,2440000,113,147.9125585,712724.3859,32.9858095,3195946.652
1-00469-7501,390-R1,1,1,16,1920,12192,350000,28.7,1700003,139,181.9455365,458018.9602,37.56717193,2218279.981
1-00469-7502,493-R1,1,2,155,1964,113930,2875000,25.2,12800000,112,146.6035978,3758073.276,32.9858095,16702547.9
1-00521-7501,630-R1,2,1,18,1988,9514,320000,33.6,1550000,163,195.8739735,384141.7881,40.37647552,1863544.984
1-00522-7501,348-R1,2,1,11,1910,31039,745000,24,3329998,107,129.5089674,895175.3027,28.84033966,4019828.839
1-00525-7501,150-R1,2,2,190,1910,132000,2700000,20.45,12100000,92,111.3535047,3243817.203,24.57437275,14698662.62
1-00525-7502,212-R1,2,1,11,1910,6670,180000,27,872000,131,158.5577077,216410.6987,32.44538211,1057579.91
1-00525-7503,646-R1,2,2,54,1958,23688,595000,25.1,2660000,112,135.5607883,714481.9226,30.16218856,3211163.953
1-00525-7506,1685-R1,2,1,144,1910,85234,2500000,29.3,12099995,142,171.8717137,3001025.044,35.209248,14649313.65
1-00529-7502,494-R1,2,1,20,1904,24630,735000,29.8,3559995,145,175.5028062,882002.4775,35.81008841,4322634.117
1-00529-7504,631-R1,2,1,21,1900,41990,1130000,26.9,5470000,130,157.3473435,1357335.737,32.32521403,6607014.954
1-00530-7505,1721-R1,2,1,26,2006,85000,3449300,40.6,17300005,204,246.9142929,4147000.506,48.78824125,20987714.9
1-00531-7501,70-R1,2,1,56,1912,92500,2900000,31.4,14099999,152,183.9753555,3490281.939,37.73277772,17017720.38
1-00535-7501,295-R1,2,2,273,1908,290492,8700000,29.9,42200000,145,175.5028062,10437452.07,35.93025649,50982161.18
1-00540-7501,567-R1,2,2,18,1900,15744,460000,29.2,1966666,125,151.2955226,552442.4741,35.08907991,2381996.708
1-00542-7501,484-R1,2,2,24,1928,17842,465000,26.1,2250000,126,152.5058868,559594.1575,31.36386938,2721010.032
1-00542-7502,644-R1,2,2,40,1900,22777,630000,27.7,3050000,134,162.1888003,758167.9473,33.28655869,3694174.304
1-00544-7501,2004-R1,2,1,25,1920,88353,3400000,38.5,17099998,194,234.8106511,4087626.058,46.26471153,20746225.46
1-00544-7502,1496-R1,2,2,39,2004,116535,4700000,40.3,23600000,203,245.7039287,5643526.332,48.42773701,28633107.33
1-00545-7503,1341-R1,2,1,50,1930,96566,2610000,27,12600000,130,157.3473435,3133120.769,32.44538211,15194403.57
1-00548-7501,797-R1,2,2,390,1965,445151,14500000,32.6,70300000,158,191.2375406,17438699.04,39.1747947,85129582.44
1-00552-7501,349-R1,2,1,28,1986,43106,1150000,26.7,5570002,129,156.1369793,1383050.745,32.08487787,6730440.63
1-00552-7504,1660-R1,2,1,28,1966,32116,1100000,34.3,5529997,172,208.1826391,1323746.115,41.21765209,6685993.637
1-00556-7501,330-R1,2,1,11,1905,22501,565000,25.1,2530000,112,135.5607883,678679.4048,30.16218856,3050253.298
1-00557-7501,39-R1,2,2,65,1900,83089,2200000,26.5,10700000,129,156.1369793,2645931.125,31.8445417,12973265.47
1-00558-7501,210-R1,2,1,41,1985,56483,1525000,27,7390008,131,158.5577077,1832612.518,32.44538211,8955815.004
1-00558-7502,446-R1,2,1,70,1905,90082,2330000,25.9,11300003,125,151.2955226,2803670.119,31.12353321,13629003.27
1-00558-7503,684-R1,2,1,44,1988,57042,1600000,28,7750008,136,164.6095286,1919295.764,33.64706293,9389656.73
1-00559-7501,1742-R1,2,1,84,2006,100500,4306425,42.9,21700005,216,261.4386631,5180986.768,51.55210714,26274585.64
1-00560-7501,306-R1,2,2,145,1955,136098,3500000,25.7,17000000,125,151.2955226,4203141.352,30.88319705,20591018.03
1-00560-7502,304-R1,2,2,150,1959,160209,4450000,27.8,21600000,135,163.3991644,5352058.289,33.40672677,26178016.73
1-00560-7503,303-R1,2,2,213,1954,140370,3650000,26,17700000,126,152.5058868,4385678.35,31.24370129,21407251.33
1-00561-7501,787-R1,2,2,229,1955,209785,5500000,26.2,24888888,119,144.0333375,6604878.799,31.48403746,30216033.71
1-00563-7501,298-R1,2,1,44,1985,43542,1220000,28,5910002,136,164.6095286,1465060.414,33.64706293,7167428.094
1-00569-7501,154-R1,2,1,27,1907,66739,1490000,22.33,6659999,100,121.0364181,1790843.138,26.83353269,8077849.508
1-00569-7502,205-R1,2,1,12,1908,28097,730000,26,3266656,116,140.402245,877854.2751,31.24370129,3944881.878
1-00569-7503,248-R1,2,1,37,1910,52493,1415000,27,6860003,131,158.5577077,1703155.443,32.44538211,8323169.75
1-00569-7504,1028-R1,2,1,115,1903,60860,1580000,26,7659987,126,152.5058868,1901491.661,31.24370129,9281508.271
1-00571-7501,27-R1,2,2,39,1928,42384,1120000,26.4,5430000,128,154.9266152,1344605.852,31.72437362,6566409.659
1-00572-7501,747-R1,2,2,23,1952,13256,340000,25.6,1650000,124,150.0851584,407794.712,30.76302897,1989528.86
1-00572-7502,1256-R1,2,0,18,1900,12695,450000,35.4,2113056,166,200.920454,540038.9651,42.53950099,2550685.164
1-00573-7502,89-R1,2,2,119,1959,94250,2285000,24.24,10200000,108,130.7193315,2745384.032,29.12874305,12320296.99
1-00575-7501,515-R1,2,2,15,1900,9380,255000,27.2,1240000,132,159.7680719,306592.0375,32.68571828,1498624.514
1-00576-7501,3-R1,2,1,70,1966,82017,1935000,23.59,8649995,105,127.088239,2324989.253,28.34765052,10423396.1
1-00576-7502,421-R1,2,1,105,1931,112050,3100000,27.7,14999999,134,162.1888003,3729758.901,33.28655869,18173255.07
1-00576-7503,886-R1,2,2,30,1910,34168,815000,23.85,3640000,107,129.5089674,979257.8707,28.66008753,4425062.398
1-00577-7502,1180-R1,2,1,77,1906,178985,6750000,37.7,33900001,189,228.7588302,8108623.121,45.30336688,40944399.22
1-00528-7501,426-R1,2,1,32,1986,35225,1030000,29.2,4990000,142,171.8717137,1236012.84,35.08907991,6054181.115
1-00528-7502,495-R1,2,1,12,1986,15990,460000,28.8,2230001,139,168.2406212,553388.4374,34.60840759,2690167.533
1-00584-7501,743-R1,2,2,169,1925,100633,2300000,22.86,10300000,102,123.4571465,2764431.13,27.47042352,12423863.02
1-00587-7501,293-R1,2,0,30,1929,19320,450000,23.29,2009999,104,125.8778748,540711.6659,27.98714627,2431960.541
1-00589-7501,48-R1,2,1,43,1929,66282,1760000,26.6,8530000,129,156.1369793,2118684.894,31.96470979,10349071.26
1-00590-7502,608-R1,2,2,86,1930,89510,2270000,25.4,10100000,113,136.7711525,2732086.233,30.5226928,12242385.86
1-00592-7501,562-R1,2,1,45,1900,21494,590000,27.4,2860003,133,160.9784361,707712.6141,32.92605444,3460070.506
1-00593-7501,663-R1,2,2,30,1910,21738,650000,29.9,3150000,145,175.5028062,781051.9156,35.93025649,3815080.001
1-00593-7502,1678-R1,2,1,18,1915,44820,1345000,30,6520005,145,175.5028062,1615780.029,36.05042457,7866035.774
1-00601-7501,542-R1,2,1,184,1920,212232,6740000,31.8,32699991,154,186.3960839,8110116.929,38.21345004,39559213.68
1-00602-7501,1368-R1,2,1,142,2002,310000,14000000,45.2,70400002,227,274.7526691,16837951.64,54.31597302,85173327.42
1-00604-7501,79-R1,2,1,83,1920,88227,2550000,28.9,12399998,141,170.6613495,3063998.046,34.72857567,15056938.88
1-00608-7501,487-R1,2,1,214,1961,165160,4600000,27.9,22300011,135,163.3991644,5537301.953,33.52689485,26987005.99
1-00609-7502,965-R1,2,1,18,1912,46687,1235000,26.5,5979998,128,154.9266152,1486726.118,31.8445417,7233058.884
1-00610-7501,366-R1,2,1,113,1931,120723,3150000,26.1,15300009,127,153.716251,3786340.403,31.36386938,18557086.97
1-00612-7501,530-R1,2,1,21,1987,18780,665000,35.4,3339999,178,215.4448242,798891.8286,42.53950099,4046053.798
1-00612-7502,626-R1,2,2,30,1910,19715,450000,22.83,2010000,102,123.4571465,540868.6657,27.4343731,2433957.643
1-00612-7503,698-R1,2,2,25,1905,13997,350000,25,1560000,111,134.3504241,420498.1607,30.04202048,1880502.886
1-00612-7504,850-R1,2,1,122,1964,92616,2150000,23.21,9610009,104,125.8778748,2583153.95,27.89101181,11658305.25
1-00616-7501,445-R1,2,2,241,1931,209011,4660000,22.3,20800000,100,121.0364181,5600968.565,26.79748226,25297942.78
1-00618-7501,447-R1,2,1,132,1987,101634,3385000,33.3,16400002,161,194.8686331,4066983.224,40.01597127,19805278.66
1-00620-7501,1087-R1,2,1,22,1998,41506,1950000,47,9799999,236,285.6459467,2344217.311,56.47899849,11856020.66
1-00620-7502,1459-R1,2,0,40,1893,18403,480000,26.1,2329995,127,153.716251,577189.2882,31.36386938,2828840.167
1-00621-7503,1688-R1,2,0,21,1914,13648,436736,32,2119998,155,187.6064481,524817.2742,38.45378621,2560452.804
1-00623-7501,776-R1,2,2,60,1920,32638,850000,26,4120000,126,152.5058868,1019731.923,31.24370129,4977487.133
1-00624-7502,106-R1,2,1,15,1983,27448,780000,28.4,3780009,138,167.030257,936738.0774,34.12773526,4584646.494
1-00624-7503,439-R1,2,1,128,1910,138934,3400000,24.47,15200000,109,131.9296957,4085372.281,29.40512964,18329520.34
1-00624-7504,640-R1,2,2,87,1939,75154,1965000,26.1,9520000,127,153.716251,2357120.239,31.36386938,11552391.13
1-00625-7501,363-R1,2,1,182,1930,159268,3835000,24.08,17101368,107,129.5089674,4608654.36,28.93647412,20626634.22
1-00629-7501,469-R1,2,1,21,1907,30312,720000,23.75,3220001,106,128.2986032,865102.0384,28.53991945,3888987.26
1-00629-7502,544-R1,2,1,49,1962,32863,925000,28.1,4480003,136,164.6095286,1109692.513,33.76723101,5409562.938
1-00629-7503,1057-R1,2,1,47,1920,123881,4500000,36.3,22599998,182,220.2862809,5403814.802,43.62101373,27289284.76
1-00629-7504,1120-R1,2,1,11,1920,23425,815000,34.8,4100004,175,211.8137317,979598.1868,41.8184925,4961736.665
1-00631-7501,18-R1,2,2,20,1910,53943,1580000,29.3,7660000,142,171.8717137,1899292.465,35.209248,9271275.852
1-00631-7502,376-R1,2,1,77,1987,73176,2470000,33.8,11999996,164,198.4997257,2972175.811,40.61681168,14525415.93
1-00635-7501,158-R1,2,1,24,1930,42407,1050000,24.76,4690003,111,134.3504241,1261761.64,29.75361708,5697398.435
1-00636-7501,1011-R1,2,1,24,1997,38871,1670000,43,8400001,216,261.4386631,2008553.01,51.67227522,10162382.27
1-00636-7502,1542-R1,2,1,20,1900,11852,310000,26.2,1500005,127,153.716251,373148.812,31.48403746,1821845.007
1-00637-7501,301-R1,2,1,32,1913,48708,1275000,26.2,6179996,127,153.716251,1533524.497,31.48403746,7487211.154
1-00637-7502,473-R1,2,1,81,1987,60200,1750000,29.1,8480001,141,170.6613495,2105128.492,34.96891183,10273813.24
1-00637-7504,1229-R1,2,1,23,2001,88141,4000000,45.4,20100000,228,275.9630333,4808647.647,54.55630918,24323657.72
1-00637-7505,1453-R1,2,1,29,2004,72225,3140000,43.5,15799989,219,265.0697556,3775425.776,52.27311563,19144663.1
1-00638-7501,576-R1,2,1,24,1988,21991,715000,32.5,3459998,157,190.0271764,858850.294,39.05462662,4178887.636
1-00638-7502,1211-R1,2,1,18,1999,31455,1310000,41.6,6589999,210,254.176478,1572432.999,49.98992207,7995121.115
1-00641-7501,329-R1,2,1,27,1910,20546,575000,28,2790001,136,164.6095286,691312.555,33.64706293,3382067.375
1-00642-7502,1066-R1,2,1,84,1997,147335,5900000,40,29700002,202,244.4935646,7081985.739,48.06723276,36022459.34
1-00643-7501,314-R1,2,0,12,1910,11270,295000,26.2,1429997,127,152.613464,354825.1022,31.48403746,1719953.739
1-01599-7501,1359-R1,3,1,129,2003,163480,3555690,21.75,15900001,97,94.71471009,3471919.047,21.23757675,15483960.81
1-01600-7501,1073-R1,3,2,240,1999,312016,7800400,25,34900000,112,109.3613147,7616624.997,24.41100776,34122479.97
1-01720-7501,1323-R1,3,1,36,1909,40987,656000,16.01,2670000,65,63.46862017,640741.9576,15.63280937,2601388.335
1-01721-7501,751-R1,3,1,24,1900,27073,415000,15.33,1690000,62,60.53929924,405251.1335,14.96882996,1638980.448
1-01724-7501,1713-R1,3,1,23,2005,32150,691225,21.5,3089998,96,93.73826978,674939.9534,20.99346667,3013685.373
1-01727-7501,1578-R1,3,1,77,2005,131237,3674636,28,17800005,136,132.7958822,3588062.716,27.34032869,17427733.19
1-01729-7501,846-R1,3,1,34,1898,28408,519866,18.3,2109999,74,72.25658296,507618.509,17.86885768,2052665.009
1-01729-7503,1530-R1,3,0,12,2004,15230,369936,24.29,1650001,108,105.4555535,361221.1062,23.71773514,1606088.08
1-01745-7501,1382-R1,3,2,92,2003,97592,3099521,31.8,15000000,154,150.3718078,3030309.856,31.05080187,14675085.47
1-01753-7501,1525-R1,3,1,12,2005,12000,340000,28.3,1649998,137,133.7723225,331599.1294,27.63326078,1605267.87
1-01753-7502,1656-R1,3,1,18,2004,15023,360000,23.96,1610001,107,104.4791132,351470.7442,23.39550983,1569589.718
1-01755-7501,1470-R1,3,0,25,2004,40418,999941,24.74,4470000,111,108.3848744,976383.0129,24.15713328,4380699.853
1-01820-7501,592-R1,3,1,35,1910,36637,623000,17,2529997,69,67.37438141,608155.3418,16.59948527,2468395.212
1-01820-7502,1520-R1,3,1,17,1900,22039,661170,30,3200000,145,141.583845,645593.04,29.29320931,3120366.36
1-01823-7501,807-R1,3,1,54,1915,58429,847000,14.5,3360006,58,56.63353799,827260.248,14.1583845,3309040.991
1-01823-7502,1545-R1,3,1,15,1900,18567,464175,25,2069998,111,108.3848744,453239.1811,24.41100776,2012381.963
1-01826-7501,591-R1,3,1,35,1911,48636,827000,17,3359999,69,67.37438141,807332.5656,16.59948527,3276820.414
1-01826-7502,1662-R1,3,1,24,0,18540,315000,16.99,1279997,69,67.37438141,307573.4249,16.58972087,1249121.031
1-01828-7501,749-R1,3,1,14,1900,18448,314000,17.02,1280000,69,67.37438141,306587.5717,16.61901408,1242922.588
1-01828-7502,1332-R1,3,1,13,1920,23700,403000,17,1640000,69,67.37438141,393407.8009,16.59948527,1596772.839
1-01828-7503,1540-R1,3,0,13,1900,6866,205980,30,997999,145,141.583845,201127.1751,29.29320931,972114.6798
1-01828-7505,1684-R1,3,0,14,0,6846,205380,30,994998,145,141.583845,200541.3109,29.29320931,969283.0029
1-01829-7501,1440-R1,3,1,33,0,28560,685440,24,3060001,107,104.4791132,669291.2464,23.43456745,2983923.473
1-01831-7501,1657-R1,3,0,20,1900,7852,235560,30,1140000,145,141.583845,230010.2795,29.29320931,1111716.351
1-01901-7501,1478-R1,3,2,28,2004,52916,1693312,32,8200000,155,151.3482481,1653418.095,31.24608993,8008743.896
1-01901-7501,1478-R2,3,2,23,2004,37719,1207008,32,5850000,155,151.3482481,1178571.266,31.24608993,5708704.57
1-01903-7501,1495-R1,3,1,25,1910,36345,944970,26,4580008,126,123.0314791,922706.8001,25.38744807,4471579.108
1-01908-7502,1699-R1,3,1,21,1906,46991,1128000,24,5040000,107,104.4791132,1101213.759,23.43456745,4909578.008
1-01914-7502,1690-R1,3,1,19,2007,29315,762190,26,3689998,126,123.0314791,744233.0402,25.38744807,3606667.81
1-01922-7501,1733-R1,3,1,16,1910,15210,182520,12,642998,42.3,41.30342512,178219.8854,11.71728372,628225.0961
1-01924-7501,1348-R1,3,1,64,2003,63252,1550000,24.51,6930002,110,107.4084341,1513781.779,23.932552,6793798.274
1-01924-7502,1488-R1,3,1,74,2003,59844,1496100,25,6690002,112,109.3613147,1460852.348,24.41100776,6544618.517
1-01924-7502,1488-R2,3,1,22,2004,19500,487500,25,2180000,112,109.3613147,476014.6513,24.41100776,2132545.637
1-01930-7501,1712-R1,3,1,11,1910,25230,630750,25,2819999,112,109.3613147,615889.7258,24.41100776,2759185.97
1-01942-7501,887-R1,3,0,32,1994,35082,877000,25,3920000,112,109.3613147,856386.9742,24.41100776,3836613.642
1-01942-7502,1284-R1,3,1,36,1933,38386,633369,16.5,2580001,67,65.42150079,618447.0229,16.11126512,2511269.729
1-01943-7501,793-R1,3,1,41,1900,45436,863000,18.99,3510004,77,75.18590389,842501.6413,18.54260149,3416146.729
1-01943-7502,1373-R1,3,1,49,1901,66936,1390000,20.77,6210000,93,90.80894885,1357506.609,20.28066524,6078387.8
1-01943-7503,1515-R1,3,1,95,2005,147404,3699840,25.1,16500000,112,109.3613147,3612673.308,24.50865179,16120295.23
1-01944-7502,1190-R1,3,0,49,1931,47759,907000,18.99,3690002,77,75.18590389,885576.1046,18.54260149,3590803.584
1-01945-7502,1391-R1,3,1,48,2003,82000,1783500,21.75,7970002,97,94.71471009,1741481.294,21.23757675,7766606.227
1-01945-7503,1556-R1,3,2,123,2004,98058,2941740,30,14300000,146,142.5602853,2872433.519,29.29320931,13979176.46
1-01946-7501,1681-R1,3,1,54,2006,67413,2022390,30,9799996,145,141.583845,1974743.119,29.29320931,9544591.743
1-01947-7501,1289-R1,3,2,74,2003,93600,2424240,25.9,11700000,125,122.0550388,2367125.658,25.28980404,11424351.63
1-01955-7501,1340-R1,3,0,15,1910,23765,492000,20.7,2200002,93,90.80894885,480345.6522,20.21231442,2158074.669
1-01959-7501,1423-R1,3,1,170,2003,240000,4968000,20.7,22199996,92,89.83250854,4850955.461,20.21231442,21559802.05
1-01960-7502,899-R1,3,0,28,1994,41964,1049000,25,4689997,112,109.3613147,1024383.53,24.41100776,4589238.21
1-02023-7503,874-R1,3,0,28,1993,30976,774000,24.99,3459985,112,109.3613147,755852.914,24.40124335,3387576.084
1-02034-7501,1365-R1,3,2,104,1920,143389,3226252,22.5,14400000,100,97.64403103,3150242.992,21.96990698,14001079.97
1-02041-7502,900-R1,3,0,28,1994,36188,905000,25,4040010,112,109.3613147,883385.5488,24.41100776,3957567.256
1-02041-7503,1716-R1,3,1,14,1894,18306,549180,30,2660002,145,141.583845,536241.4896,29.29320931,2591833.867
1-02042-7502,974-R1,3,0,47,1896,76584,1685000,22,7529994,98,95.69115041,1645153.504,21.48168683,7328411.063
1-02044-7501,1422-R1,3,2,128,2003,212047,4399975,20.75,19700000,93,90.80894885,4296313.199,20.26113644,19255765.18
1-02045-7501,1640-R1,3,1,180,2005,204835,4219601,20.6,18899987,92,89.83250854,4120188.509,20.11467039,18400841.89
1-02051-7501,1327-R1,3,2,77,2001,91858,2296450,25,10300000,112,109.3613147,2242346.351,24.41100776,10045711.65
1-01623-7501,1322-R1,3,2,152,2003,109646,2839831,25.9,13800000,126,123.0314791,2772925.854,25.28980404,13489909.56
1-01627-7501,1628-R1,3,1,13,2004,6342,200000,31.5,968999,153,149.3953675,195066.4101,30.75786977,947465.4207
1-01630-7501,441-R1,3,0,17,1920,9590,175017,18.25,712002,74,72.25658296,170894.142,17.82003566,692940.6306
1-01630-7501,441-R2,3,0,17,1920,9590,175017,18.25,711999,74,72.25658296,170894.142,17.82003566,692940.6306
1-01630-7502,1801-R1,3,1,11,2006,12184,426440,35,2140000,176,171.8534946,416393.2059,34.17541086,2093862.978
1-01632-7501,666-R1,3,0,12,1910,7690,150000,19.51,670000,87,84.95030699,146497.195,19.05035045,653267.8608
1-01646-7501,1462-R1,3,1,17,1987,22626,570627,25.2,709000,31.3,30.56258171,556742.0492,24.60629582,691508.9738
1-01646-7502,1512-R1,3,1,262,2005,241417,6880384,28.5,33300000,138,134.7487628,6718284.775,27.82854884,32530642.07
1-01646-7502,1512-R2,3,2,215,2005,184939,5270761,28.5,25500000,138,134.7487628,5146583.994,27.82854884,24920301.44
1-01661-7501,1403-R1,3,1,22,2003,20200,580000,28.7,2810000,139,135.7252031,566081.5054,28.0238369,2741649.103
1-01674-7501,1471-R1,3,2,233,2003,315656,9000000,28.5,43600000,138,134.7487628,8784248.413,27.82854884,42534255.47
1-01676-7501,342-R1,3,0,12,1900,6092,120000,19.7,535999,88,85.9267473,117184.9451,19.23587411,523465.7446
1-01677-7503,574-R1,3,1,36,1929,33280,670000,20.13,2990000,90,87.87962792,654143.142,19.65574345,2924634.017
1-01680-7501,458-R1,3,1,33,1926,31857,610061,19.15,2730000,86,83.97386668,595688.6891,18.69883194,2675155.471
1-01681-7501,1573-R1,3,1,31,2006,32483,1299320,40,6530000,201,196.2645024,1268708.424,39.05761241,6375259.831
1-01683-7501,1479-R1,3,1,20,2004,19768,590000,29.8,2860001,145,141.583845,575207.7073,29.09792125,2798829.448
1-01807-7501,1732-R1,3,1,12,2006,9745,241865,24.82,1080000,111,108.3848744,236172.4966,24.2352485,1056210.601
1-02066-7501,561-R1,3,0,38,1926,25050,500000,19.96,2229996,89,86.90318761,488218.2022,19.48974859,2176924.85
1-02079-7501,1490-R1,3,1,12,2005,12000,444000,37,2230000,186,181.6178977,433539.4978,36.12829148,2179414.772
1-02090-7501,1832-R1,3,1,54,1908,30886,414273,13.41,1520002,49.2,48.04086326,404423.278,13.09406456,1483790.103
1-02094-7501,1673-R1,3,1,50,1913,86020,1419000,16.5,5769999,67,65.42150079,1385891.026,16.11126512,5627557.498
1-02095-7501,1710-R1,3,1,50,2005,9672,1275210,132,6409992,663,647.3799257,1246625.25,128.890121,6261458.641
1-02096-7501,1680-R1,3,1,74,1912,107100,1285200,12,4530002,42.3,41.30342512,1254921.086,11.71728372,4423596.83
1-01988-7501,1273-R1,3,1,13,2002,19781,590000,29.8,2860001,145,141.583845,575585.9802,29.09792125,2800670.038
1-01988-7502,1565-R1,3,1,29,2006,31308,1000000,31.9,4850000,155,151.3482481,975195.5442,31.1484459,4738410.952
1-01314-7501,319-R1,4,1,364,1986,351161,12100000,34.5,60799998,173,212.7337949,14897581.04,42.42379148,74703812.15
1-01319-7501,482-R1,4,1,101,1970,60900,1600000,26.3,7750003,127,156.1687396,1969533.742,32.34045553,9510676.242
1-01319-7502,1614-R1,4,1,18,2001,11861,520000,43.8,2609999,220,270.5285254,638830.7326,53.85977005,3208738.84
1-01320-7501,85-R1,4,1,231,1982,350000,12370000,35.3,62200034,178,218.8821705,15192636.05,43.40753157,76608759.68
1-01320-7502,238-R1,4,1,48,1985,77029,2960000,38.4,14900002,193,237.3272972,3637272.747,47.21952443,18281084.38
1-01320-7503,240-R1,4,1,92,1957,63927,1950000,30.5,9450027,148,181.9919171,2397587.954,37.50509102,11634197.28
1-01320-7504,451-R1,4,1,129,1956,81745,2340000,28.6,11299998,138,169.6951659,2874866.06,35.1687083,13871731.34
1-01320-7505,620-R1,4,1,173,1988,164753,7200000,43.7,36200002,220,270.5285254,8853299.429,53.73680254,44570386.15
1-01322-7501,201-R1,4,1,162,1959,170631,4400000,25.8,21299999,125,153.7093894,5413373.92,31.72561797,26227586.82
1-01323-7501,185-R1,4,1,174,1985,193134,7085000,36.7,35599962,184,226.2602212,8715959.105,45.12907673,43698541.56
1-01324-7501,518-R1,4,1,16,1980,19082,680000,35.6,3420002,179,220.1118456,835341.9155,43.7764341,4200174.238
1-01325-7501,227-R1,4,1,25,1984,46800,1480000,31.6,7170001,153,188.1402926,1818541.934,38.85773364,8804965.694
1-01325-7502,424-R1,4,1,27,1901,15410,460000,29.9,2230001,145,178.3028917,566583.8765,36.76728595,2747647.561
1-01327-7501,795-R1,4,2,146,1957,126021,3675000,29.2,17800000,141,173.3841913,4524974.721,35.90651337,21850049.17
1-01327-7502,896-R1,4,1,178,1990,237531,9450000,39.8,47500007,200,245.9350231,11625021.2,48.94106959,58417191.97
1-01329-7501,2007-R1,4,1,40,2000,54638,3100000,57,15600006,286,351.687083,3829658.37,70.09148157,19215478.84
1-01330-7501,1563-R1,4,1,38,2004,70308,3050000,43.4,15299992,218,268.0691751,3752190.313,53.3679,18847407.56
1-01331-7501,541-R1,4,1,115,1963,128436,3300000,25.7,15999999,125,153.7093894,4058918.014,31.60265046,19741819.14
1-01331-7502,563-R1,4,2,260,1964,305093,7750000,25.4,37500000,123,151.2500392,9529197.857,31.23374793,46145328.21
1-01331-7503,1538-R1,4,1,67,2005,104916,3610000,34.4,18200005,173,212.7337949,4438033.248,42.30082397,22319178.83
1-01336-7501,168-R1,4,1,79,1983,127399,4720000,37,23699978,186,228.7195714,5796397.06,45.49797926,29138644.68
1-01338-7501,247-R1,4,1,113,1980,86845,3230000,37.2,16200004,187,229.9492466,3972630.237,45.74391429,19969942.32
1-01338-7502,614-R1,4,1,166,1977,122021,4410000,36.1,22199996,182,223.800871,5416667.359,44.39127166,27308406.08
1-01340-7501,1165-R1,4,1,373,2000,825532,48430000,59,243999996,296,363.9838341,59893033.28,72.5508318,300480302.5
1-01341-7501,176-R1,4,1,141,1962,89872,2390000,26.6,11599999,129,158.6280899,2939655.428,32.70935807,14256223.7
1-01341-7502,259-R1,4,1,126,1962,82112,2150000,26.2,10400007,127,156.1687396,2645442.376,32.21748802,12823327.55
1-01341-7503,336-R1,4,1,237,1984,438326,16510000,37.7,83000002,189,232.4085968,20320246.26,46.35875185,101870730.6
1-01341-7504,931-R1,4,1,16,1900,8214,230000,28,1110000,135,166.0061406,282815.4391,34.43090323,1363574.439
1-01341-7505,1792-R1,4,1,81,0,78000,1723800,22.1,6820800,87,106.981735,2119713.964,27.17582005,8344575.33
1-01342-7501,61-R1,4,1,85,1982,119419,4370000,36.6,21999985,184,226.2602212,5374584.557,45.00610922,27019769.36
1-01342-7502,105-R1,4,1,20,1982,33376,1250000,37.5,6289994,188,231.1789217,1539061.374,46.11281682,7715827.691
1-01342-7503,1357-R1,4,0,15,1920,10550,410000,38.9,2059999,195,239.7866475,504652.5189,47.83436198,2529749.131
1-01343-7501,60-R1,4,1,115,1931,93015,2000000,21.5,8940000,96,118.0488111,2459131.963,26.43801498,10980310.16
1-01343-7504,1809-R1,4,1,23,1900,35615,1450000,40.7,7289997,205,252.0833986,1782451.585,50.04777719,8977950.241
1-01344-7501,145-R1,4,1,97,1963,67540,1745000,25.8,8450004,125,153.7093894,2142748.238,31.72561797,10381532.16
1-01344-7502,1212-R1,4,1,64,2000,158085,8600000,54,43200009,273,335.7013065,10497232.29,66.40245622,53069341.04
1-01345-7501,1594-R1,4,1,85,2006,166692,7300000,43.8,36699998,220,270.5285254,8977992.789,53.85977005,45094940.96
1-01346-7501,323-R1,4,1,90,1959,65000,1725000,26.5,8360004,129,158.6280899,2118115.386,32.58639055,10310825.84
1-01346-7503,475-R1,4,1,59,1941,53435,1475000,27.6,7150001,134,164.7764654,1813532.238,33.93903318,8804830.429
1-01347-7501,1396-R1,4,1,118,2003,183619,6330000,34.5,31800015,173,212.7337949,7789814.168,42.42379148,39061966.69
1-01349-7501,510-R1,4,2,174,1960,198115,5225000,26.4,25300000,128,157.3984148,6431491.056,32.46342304,31182986.95
1-01349-7502,1632-R1,4,1,14,2005,41406,2318736,56,11700000,283,347.9980576,2851291.958,68.86180646,14409207.57
1-01350-7501,178-R1,4,2,115,1958,95347,2570000,27,12500000,131,161.0874401,3165637.497,33.20122811,15359204.15
1-01362-7502,1279-R1,4,1,113,2002,146025,8400000,58,42200009,289,355.3761083,10414671.91,71.32115669,51893796.21
1-01365-7501,283-R1,4,1,189,1958,196802,5150000,26.2,24999994,127,156.1687396,6340466.077,32.21748802,30734320.29
1-01365-7502,575-R1,4,1,228,1972,242825,7350000,30.3,35599995,147,180.7622419,9047454.553,37.25915599,43893591.39
1-01366-7501,59-R1,4,1,106,1983,174032,7290000,41.9,36699991,211,259.4614493,8966718.144,51.52338733,45154594.94
1-01368-7501,91-R1,4,1,60,1929,97636,2565000,26.3,12400001,127,156.1687396,3157592.716,32.34045553,15247691.06
1-01369-7501,278-R1,4,1,75,1986,85992,3000000,34.9,15100019,176,216.4228203,3690403.565,42.91566152,18610631.16
1-01370-7501,37-R1,4,1,75,1981,61175,2130000,34.8,10700001,175,215.1931452,2617843.056,42.79269401,13164440.66
1-01003-7501,347-R1,5,1,445,1927,328716,11505000,35,53615080,163,188.1220456,13278254.12,40.39430426,61838726.34
1-01006-7501,130-R1,5,1,212,1968,223307,8932000,40,35353449,158,182.3514307,10308949.6,46.16491916,40720350.94
1-01008-7501,84-R1,5,1,50,1982,96492,3281000,34,16500003,171,197.3550294,3786363.572,39.24018128,19043181.5
1-01008-7502,534-R1,5,1,65,1926,74422,2530000,34,12700000,171,197.3550294,2920332.771,39.24018128,14687556
1-01008-7503,540-R1,5,1,340,1987,494266,19771000,40,99400007,201,231.9787188,22817749.93,46.16491916,114659193.4
1-01009-7501,364-R1,5,1,247,1986,399221,15969000,40,73426218,184,212.3586281,18430005.19,46.16491916,84778023.87
1-01010-7501,165-R1,5,2,38,1916,43765,1357000,31,6570000,150,173.1184468,1565815.957,35.77781235,7576528.824
1-01010-7502,513-R1,5,1,33,1923,32796,1050000,32,4804247,146,168.5019549,1211219.751,36.93193533,5526190.113
1-01010-7504,1153-R1,5,1,35,1922,88288,3355000,38,16899998,191,220.437489,3872017.963,43.8566732,19461985.03
1-01010-7505,1524-R1,5,1,103,1926,121921,4880000,40,24500005,201,231.9787188,5628473.109,46.16491916,28283077.37
1-01011-7501,11-R1,5,1,161,1930,159786,4739000,29.7,23799996,149,171.9643239,5477057.02,34.27745247,27477491.46
1-01011-7502,496-R1,5,1,420,1930,468144,18959832,40.5,95300011,204,235.4410877,21881977.79,46.74198065,110220332.6
1-01011-7503,696-R1,5,1,79,1950,78236,2855614,36.5,14399999,184,212.3586281,3295729.736,42.12548873,16614089.63
1-01011-7504,767-R1,5,2,34,1912,35328,1130496,32,5480000,155,178.8890617,1304731.411,36.93193533,6319792.772
1-01011-7505,1018-R1,5,1,80,1918,87821,3820213,43.5,19199988,219,252.7529324,4408996.184,50.20434958,22197015.28
1-01020-7502,1519-R1,5,1,137,2005,165323,8596000,52,43199986,261,301.2260975,9921759.81,60.01439491,49799602.12
1-01025-7501,606-R1,5,2,129,1916,128513,4305185,33.5,20900000,163,188.1220456,4968713.514,38.66311979,24176128.45
1-01027-7504,1278-R1,5,1,108,2002,185822,8326000,44.8,41899993,225,259.6776703,9607872.521,51.70470946,48253824.05
1-01028-7501,416-R1,5,1,484,1987,538783,17699021,32.8,85800000,159,183.5055537,20395756.38,37.85523371,98869672.74
1-01032-7501,1531-R1,5,1,528,2004,604403,22967314,38,114999964,190,219.283366,26507104.85,43.8566732,132535524.3
1-01040-7501,633-R1,5,1,704,1989,551052,22000000,39.9,110999966,201,231.9787188,25375672.85,46.04950686,127832337
1-01042-7502,1626-R1,5,1,215,2005,249339,11220000,45,56400003,226,260.8317932,12949554.12,51.93553405,65035538.48
1-01043-7501,288-R1,5,1,65,1942,54785,1808000,33,8759999,160,184.6596766,2086544.705,38.08605831,10116580.38
1-01043-7502,280-R1,5,1,65,1947,54655,1804000,33,8740010,160,184.6596766,2081593.517,38.08605831,10092574.62
1-01043-7503,1461-R1,5,1,66,2005,56935,2278000,40,11500008,202,233.1328417,2628399.672,46.16491916,13273418.34
1-01047-7501,115-R1,5,1,576,1904,609127,20710000,34,76449829,126,145.4194953,23902253.9,39.24018128,88578940.91
1-01047-7503,1750-R1,5,1,595,1978,706825,30888253,43.7,154999866,219,252.7529324,35648841.99,50.43517418,178652091.4
1-01048-7501,58-R1,5,1,261,1982,263995,10559800,40,53099949,201,231.9787188,12187307.83,46.16491916,61241221.87
1-01048-7503,538-R1,5,1,276,1987,314941,12597640,40,63299966,201,231.9787188,14539225.81,46.16491916,73059609.68
1-01048-7503,538-R2,5,1,20,1987,15764,614796,39,3090002,196,226.2081039,709550.191,45.01079618,3565944.55
1-01048-7504,800-R1,5,2,188,1940,158478,5071296,32,20911111,132,152.3442332,5852899.247,36.93193533,24143209.39
1-01049-7501,1311-R1,5,1,129,1955,377444,21375000,57,107022294,284,327.770926,24830157.24,65.7850098,123715169.4
1-01049-7501,1311-R2,5,1,65,1955,217897,12340000,57,61999994,285,328.925049,14334356.28,65.7850098,71671781.4
1-01263-7501,1655-R1,5,1,152,2005,148385,5935400,40,29800005,201,231.9787188,6850181.53,46.16491916,34422162.19
1-01269-7501,90-R1,5,1,248,1982,503000,20600000,41,103999978,207,238.9034566,23801478.2,47.31904214,120168438.7
1-01270-7501,1599-R1,5,1,35,1925,44350,1552250,35,7799998,176,203.1256443,1791487.394,40.39430426,9008622.325
1-01271-7501,7-R2,5,1,183,1963,141738,4960830,35,24899992,176,203.1256443,5725407.897,40.39430426,28790622.57
1-01273-7501,141-R1,5,1,168,1969,206973,8278920,40,41600007,201,231.9787188,9554891.813,46.16491916,48013331.37
1-01274-7502,702-R1,5,1,88,1901,68219,3069855,45,15399992,226,260.8317932,3542990.197,51.93553405,17793684.1
1-01274-7503,1150-R1,5,1,11,1931,84843,4242150,50,21299999,251,289.6848677,4895962.795,57.70614895,24577733.23
1-01274-7504,1508-R1,5,1,164,1907,395521,17007403,43,74619300,189,218.129243,19628634.61,49.62728809,86274696.32
1-00228-7501,1432-R1,6,1,11,2003,18305,842000,46,4230001,231,243.4289387,887335.3647,48.47502675,4455966.723
1-00473-7502,1179-R1,6,1,13,1890,78982,1800000,22.79,8040003,102,107.4881028,1896848.641,24.01621434,8489625.335
1-00473-7503,1663-R1,6,1,18,1874,27023,715000,26.5,3459998,128,134.887031,754639.7211,27.92583063,3645052.239
1-00474-7504,1185-R1,6,1,13,1894,23590,625000,26.5,3030001,128,134.887031,658770.3446,27.92583063,3181985.061
1-00474-7505,1205-R1,6,1,14,1920,28442,755000,26.5,3660001,129,135.9408359,794266.4748,27.92583063,3866429.255
1-00474-7506,1654-R1,6,1,41,2005,117311,4330000,36.9,21799998,186,196.0077169,4561685.381,38.88540189,22993861.28
1-00475-7503,916-R1,6,2,20,1920,32149,780000,24.26,3490000,109,114.8647373,821899.0737,25.56530759,3692786.439
1-00475-7505,1010-R1,6,1,14,1900,55210,1175000,21.28,5249999,95,100.1114683,1238082.533,22.4249689,5527154.165
1-00482-7502,1484-R1,6,1,52,2005,63762,2050000,32.2,9929999,156,164.393569,2163605.259,33.93251873,10482062.75
1-00498-7501,131-R1,6,1,14,1900,18031,435000,24.13,1939997,108,113.8109324,458497.9108,25.42831295,2052124.922
1-00499-7502,685-R1,6,1,19,1988,34876,770000,22.08,3440004,99,104.326688,811495.2158,23.26801284,3638497.571
1-00499-7505,1658-R1,6,1,14,2005,42823,1846527,43.1,9279998,217,228.6756697,1944977.514,45.41899246,9792578.204
1-00500-7501,123-R1,6,1,15,1907,20752,460000,22.17,2059999,99,104.326688,484825.9728,23.36285528,2164987.429
1-00500-7502,284-R1,6,1,29,1900,36223,775000,21.4,3460006,96,101.1652732,816880.2855,22.55142549,3664509.691
1-00500-7505,1241-R1,6,1,12,1879,34968,1470000,42,7390002,211,222.3528401,1547676.932,44.25980703,7775234.113
1-00501-7501,1199-R1,6,1,15,1920,31967,900000,28.2,4360001,136,143.3174704,949972.8975,29.71729901,4581429.576
1-00502-7501,135-R1,6,1,35,1900,34821,880000,25.3,3930007,113,119.079957,928371.8985,26.66126471,4146483.183
1-00512-7501,75-R1,6,1,21,1900,88258,2750000,31.2,13300001,151,159.1245443,2901809.523,32.8787138,14044014.03
1-00513-7503,1390-R1,6,1,32,2003,56800,2375000,41.8,11900000,210,221.2990352,2501985.816,44.04904605,12569785.2
1-00514-7505,1404-R1,6,1,15,2003,41314,1500000,36.3,7539999,183,192.8463021,1580389.356,38.25311894,7967252.125
1-00515-7501,1633-R1,6,1,16,2006,38591,1540000,39.9,7740006,201,211.8147908,1622628.702,42.04681668,8174144.592
1-00517-7501,736-R1,6,2,38,1950,20826,475000,22.81,2120000,102,107.4881028,500600.6107,24.03729044,2238547.229
1-00518-7502,670-R1,6,0,27,1900,13020,290000,22.27,1300003,100,105.3804929,305556.4299,23.46823578,1372054.018
1-00518-7504,1093-R1,6,0,15,1920,6013,135000,22.45,602999,100,105.3804929,142255.077,23.65792067,633652.9038
1-00520-7501,66-R1,6,1,38,1900,33383,900000,27,4360004,131,138.0484458,949837.5887,28.45273309,4608471.266
1-00594-7503,1399-R1,6,1,104,2003,196695,8100000,41.2,40700006,207,218.1376204,8539860.216,43.41676309,42906579.24
1-00594-7504,1379-R1,6,1,22,1915,65085,2820000,43.3,14200002,218,229.7294746,2969812.503,45.62975344,14951942.85
1-00594-7505,1585-R1,6,1,64,2005,94226,3580000,38,17999984,191,201.2767415,3773241.285,40.04458732,18965502.24
1-00594-7506,1580-R1,6,1,13,2005,29579,1350000,45.6,6789999,230,242.3751338,1421374.618,48.05350478,7169214.083
1-00595-7502,1103-R1,6,1,12,1920,24850,990000,39.8,4980001,200,210.7609859,1042244.689,41.94143619,5237410.5
1-00595-7503,1238-R1,6,1,12,1920,24193,675000,27.9,3270000,135,142.2636655,711302.2041,29.40115753,3441784.859
1-00595-7504,1616-R1,6,1,40,2005,68865,2850000,41.4,14300002,208,219.1914253,3004409.446,43.62752408,15094617.5
1-00597-7502,1342-R1,6,1,14,1920,31930,950000,29.8,4600003,144,151.7479098,1002710.144,31.4033869,4845310.76
1-00016-7501,308-R1,7,1,239,1985,219495,7600000,34.6,38200001,174,198.0092698,8642452.56,39.37425709,43462044.67
1-00016-7502,313-R1,7,1,133,1986,139719,4830000,34.6,24300004,174,198.0092698,5501331.826,39.37425709,27665657.17
1-00016-7503,385-R1,7,1,109,1985,105000,3360000,32,16299998,155,176.3875679,3823627.278,36.41549789,18520694.63
1-00016-7504,360-R1,7,1,107,1986,87479,2800000,32,13600002,155,176.3875679,3185591.34,36.41549789,15430208.05
1-00016-7505,371-R1,7,1,247,1987,255845,8850000,34.6,44500013,174,198.0092698,10073706.81,39.37425709,50659681.63
1-00016-7506,398-R1,7,1,121,1985,106129,3300000,31.1,15999994,151,171.8356307,3756044.552,35.39131201,18236743.65
1-00016-7507,450-R1,7,1,154,1986,126008,4020000,31.9,19500001,155,176.3875679,4574304.546,36.30169946,22226244.66
1-00016-7508,498-R1,7,1,546,1987,586224,23000000,39.2,116000009,198,225.3208932,26150857.57,44.60898491,132088515.3
1-00016-7509,621-R1,7,1,182,1988,208281,6665000,32,32300004,155,176.3875679,7584656.316,36.41549789,36738179.03
1-00016-7510,779-R1,7,1,293,1988,341489,11760000,34.4,59099982,173,196.8712855,13368153.86,39.14666023,67229378.41
1-00016-7511,780-R1,7,1,163,0,156260,5000000,32,24200006,155,176.3875679,5690285.7,36.41549789,27562321.36
1-00016-7513,1217-R1,7,1,117,2003,229060,9162000,40,46100003,201,228.7348461,10426667.43,45.51937236,52394003.85
1-00016-7514,1623-R1,7,1,234,2006,424004,16960000,40,85300001,201,228.7348461,19300395.96,45.51937236,96984489.69
1-00132-7501,401-R1,7,1,128,1987,115909,3825000,33,18499995,160,182.0774894,4352786.568,37.5534822,21104419.72
1-00132-7501,401-R2,7,1,133,1987,138016,4555000,33,22100000,160,182.0774894,5182981.399,37.5534822,25129606.78
1-00132-7503,1042-R1,7,1,11,2001,54500,1800000,33,9049999,166,188.9053953,2046664.78,37.5534822,10295344.04
1-00137-7503,1593-R1,7,1,12,1920,30062,940000,31.3,4550000,151,171.8356307,1070775.638,35.61890887,5165722.73
1-00140-7501,499-R1,7,1,83,1987,89377,2850000,31.9,13799997,154,175.2495836,3244536.993,36.30169946,15663282.03
1-00140-7502,594-R1,7,1,80,1988,66551,2100000,31.6,10200000,153,174.1115993,2393194.202,35.96030416,11587301.05
1-00141-7504,996-R1,7,1,30,1910,90000,2885000,32.1,13999996,156,177.5255522,3287636.669,36.52929632,15977299.7
1-00142-7501,1507-R1,7,1,163,2006,182235,5390000,29.6,31374898,172,195.7333011,6138464.889,33.68433555,35669458.13
1-00142-7501,1507-R2,7,1,220,2006,535060,17550000,32.8,96565385,180,204.8371756,19971588.21,37.32588534,109600179.2
1-00142-7502,1629-R1,7,1,311,2005,314373,12570000,40,63200023,201,228.7348461,14310061.65,45.51937236,71908059.77
1-00143-7501,328-R1,7,2,13,1915,19882,515000,25.9,2500000,126,143.3860229,585997.9644,29.4737936,2850800.907
1-00144-7502,1597-R1,7,1,12,1910,27928,1050000,37.6,5337039,191,217.355003,1194989.129,42.78821002,6070290.524
1-00179-7506,1196-R1,7,1,31,1915,81650,2204000,27,10700000,131,149.0759445,2508743.308,30.72557634,12172050.87
1-00180-7502,198-R1,7,1,20,1915,20750,633000,30.5,3069998,148,168.4216777,720201.8195,34.70852142,3494749.812
1-00188-7502,1063-R1,7,1,36,1915,86451,2900000,33.5,14100000,163,185.4914424,3295726.03,38.12247435,16035920.69
1-00188-7503,1155-R1,7,1,46,1910,83020,2785000,33.5,13500002,163,185.4914424,3164927.821,38.12247435,15399499.55
1-00189-7501,229-R1,7,2,24,1915,52735,1200000,22.76,5360000,102,116.0743995,1365864.074,25.90052287,6121183.458
1-00189-7502,430-R1,7,1,14,1921,40581,1136000,28,5109507,126,143.3860229,1293055.155,31.86356065,5818748.195
1-00189-7507,1052-R1,7,1,13,1915,53468,1710000,32,8290000,155,176.3875679,1947063.841,36.41549789,9431090.48
1-00189-7508,1061-R1,7,2,11,1915,18315,500000,27.3,2420000,132,150.2139288,568991.5856,31.06697164,2751168.106
1-00190-7503,956-R1,7,1,23,1915,86900,2700000,31.1,13100001,151,171.8356307,3075505.014,35.39131201,14932516.31
1-00190-7504,1045-R1,7,1,57,1905,150010,4700000,31.3,22799998,152,172.973615,5343192.52,35.61890887,25947771.99
1-00190-7505,1181-R1,7,1,33,1924,119996,4320000,36,21699999,181,205.9751599,4915928.345,40.96743512,24716195.29
1-00190-7506,2009-R1,7,1,26,2000,68033,2585000,38,12999996,191,217.355003,2941978.487,43.24340374,14787312.92
1-00193-7501,120-R1,7,1,64,1915,119640,3589000,30,17399996,145,165.0077248,4084453.282,34.13952927,19741524.2
1-00193-7509,1624-R1,7,1,15,2005,34587,1380000,39.9,6939998,201,228.7348461,1570442.586,45.40557393,7911252.122
1-00212-7501,44-R1,7,1,50,1915,122640,3700000,30.2,17899989,146,166.1457091,4214784.349,34.36712613,20376109.76
1-00214-7503,1388-R1,7,1,35,2004,106462,4000000,37.6,20099999,189,215.0790344,4555318.415,42.78821002,22897744.16
1-00215-7502,1393-R1,7,1,24,1930,53708,1743000,32.5,8439999,157,178.6635365,1986362.991,36.98449004,9595661.218
1-00217-7501,1243-R1,7,1,33,1853,100894,3330000,33,13111051,130,147.9379602,3788921.033,37.5534822,14926052.56
1-00218-7501,1457-R1,7,1,65,2004,163128,5710000,35,28699999,176,200.2852384,6497298.653,39.82945082,32672130.37
1-00219-7501,944-R1,7,1,28,1920,88897,2200000,24.75,9829999,111,126.3162583,2503793.93,28.16511165,11229136.41
1-00219-7502,1003-R1,7,1,16,1930,37785,1030000,27.3,4989999,132,150.2139288,1173865.523,31.06697164,5675833.3
1-00219-7504,1191-R1,7,1,12,1915,52924,1445000,27.3,6999999,132,150.2139288,1644188.407,31.06697164,7949921.968
1-00220-7502,2002-R1,7,1,31,1920,94924,3135000,33,15199999,160,182.0774894,3564726.744,37.5534822,17283523.6
1-00220-7503,1392-R1,7,1,33,1900,61717,1820000,29.5,8820001,143,162.7317562,2071872.839,33.57053712,10043315.8
1-00222-7501,136-R1,7,1,20,1962,36435,1002000,27.5,4850002,133,151.3519131,1140217.603,31.2945685,5514506.954
1-00222-7502,1064-R1,7,1,27,1920,88496,2700000,30.5,13100000,148,168.4216777,3071565.312,34.70852142,14904644.79
1-00225-7501,1321-R1,7,2,38,1910,73919,1910000,25.8,9250000,125,142.2480386,2170261.483,29.35999517,10514832.77
1-01373-7501,1518-R1,8,1,230,2004,184076,5910000,32.1,28599996,155,196.0791179,7474839.074,40.6073528,36093459.71
1-01373-7502,1714-R1,8,1,216,2006,185948,5020596,27,24299985,131,165.7184803,6351187.322,34.15571731,30815019.97
1-01374-7502,1304-R1,8,1,126,2002,220037,11380000,52,57200008,260,328.9069074,14474337.84,65.78138148,72371689.18
1-01375-7501,98-R1,8,1,36,1928,78349,2940000,37.5,14799999,189,239.0900211,3716758.743,47.43849626,18732464.06
1-01376-7501,244-R1,8,1,13,1910,33255,945000,28.4,4580000,138,174.5736662,1194744.221,35.9267545,5805447.269
1-01377-7501,14-R1,8,1,16,1925,58566,2250000,38.4,11300000,193,244.1501274,2844961.763,48.57702017,14298896.36
1-01377-7502,111-R1,8,1,68,1901,85219,3170000,37.2,14437208,169,213.7894898,4010319.923,47.05898829,18218926.53
1-01377-7503,379-R1,8,1,15,1910,24508,800000,32.6,3880002,158,199.8741976,1010706.638,41.23986608,4898516.835
1-01379-7502,1015-R1,8,1,67,1925,185696,9400000,51,44627477,240,303.6063761,11980429.04,64.51635491,56378489.62
1-01379-7504,1160-R1,8,1,18,1951,56729,3070000,54,15400004,271,342.8221996,3875239.374,68.31143461,19447960.56
1-01381-7501,400-R1,8,1,27,1934,25652,900000,35.1,4530000,177,223.9097023,1139011.198,44.4024325,5743731.683
1-01381-7502,582-R1,8,2,35,1941,77739,2150000,27.7,10400000,134,169.51356,2724070.638,35.0412359,13177814.64
1-01381-7503,598-R1,8,1,46,1941,62196,1800000,28.9,8719999,140,177.1037194,2273840.219,36.55926778,11015142.93
1-01381-7504,653-R1,8,1,19,1941,43682,1310000,30,6349998,145,183.4288522,1657766.715,37.95079701,8012539.122
1-01382-7501,805-R1,8,2,84,1955,96152,2850000,29.6,13800000,144,182.1638256,3600391.1,37.44478638,17515416.16
1-01384-7501,897-R1,8,1,12,1927,56415,2150000,38.1,10799998,191,241.6200743,2719062.651,48.1975122,13630996.49
1-01384-7502,1095-R1,8,1,48,1926,123994,7000000,56,35200001,284,359.267545,8783919.432,70.84148775,44547019.97
1-01385-7502,1510-R1,8,2,62,1928,273875,7635000,27.9,37000000,135,170.7785865,9666210.314,35.29424122,46771985.38
1-01386-7501,193-R1,8,1,48,1928,92781,2600000,28,12599998,136,172.0436131,3286372.037,35.42074387,15962378.47
1-01386-7502,375-R1,8,1,16,1986,42830,1630000,38.1,8200000,191,241.6200743,2064299.448,48.1975122,10348587.78
1-01388-7501,104-R1,8,1,98,1959,153046,5750000,37.6,28899994,189,239.0900211,7279632.825,47.56499892,36591771.37
1-01389-7501,50-R1,8,2,82,1912,82280,2580000,31.4,12500000,152,192.2840382,3268312.518,39.7218342,15821130.66
1-01390-7501,23-R1,8,1,15,1928,24277,965000,39.7,4850002,200,253.0053134,1219228.684,50.22155471,6142209.993
1-01390-7502,94-R1,8,1,30,1982,42054,1600000,38,8039999,191,241.6200743,2021578.235,48.07100954,10161090.6
1-01391-7501,946-R1,8,1,12,1910,9445,260000,27.5,1260000,133,168.2485334,328574.8379,34.78823059,1589107.398
1-01392-7501,460-R1,8,1,111,1958,176897,5540000,31.3,26799994,152,192.2840382,7004295.363,39.59533154,34014469.51
1-01393-7501,637-R1,8,1,13,1910,14977,565000,37.7,2839999,190,240.3550477,714275.619,47.69150157,3599797.549
1-01394-7501,1101-R1,8,1,44,1998,158497,8250000,52,41499994,262,331.4369605,10426151.62,65.78138148,52531763.93
1-01395-7501,87-R1,8,2,166,1963,165925,5460000,32.9,26500000,160,202.4042507,6905694.639,41.61937405,33583925.3
1-01395-7502,624-R1,8,1,27,1912,50302,1540000,30.6,7460002,148,187.2239319,1947181.011,38.70981295,9417738.222
1-01395-7503,667-R1,8,1,48,1915,100093,3000000,30,14499997,145,183.4288522,3798609.125,37.95079701,18359944.1
1-01397-7502,230-R1,8,1,12,1915,4777,160000,33.5,774995,162,204.9343038,202441.569,42.37838999,978971.1693
1-01397-7503,733-R1,8,1,157,1959,204524,6835000,33.4,33099991,162,204.9343038,8641525.006,42.25188734,41913983.55
1-01397-7504,770-R1,8,2,74,1960,104981,3060000,29.1,14800000,141,178.3687459,3864589.242,36.8122731,18725329.31
1-01397-7505,1729-R1,8,1,86,1927,128842,5540206,43,25723762,200,253.0053134,7008507.777,54.39614238,32597710.59
1-01398-7501,345-R1,8,1,205,1987,216171,9240000,42.7,46500003,215,271.9807119,11676829.88,54.01663441,58794342.47
1-01398-7502,543-R1,8,2,52,1962,90629,2645000,29.2,12800000,141,178.3687459,3347724.307,36.93877575,16165381.07
1-01400-7501,1151-R1,8,1,93,2000,180846,9150000,51,46000005,254,321.316748,11667524.72,64.51635491,58108848.61
1-01402-7501,478-R1,8,2,164,1965,129320,4240000,32.8,20500000,159,201.1392241,5365858.129,41.4928714,26011324.46
1-01404-7501,151-R1,8,1,76,1969,106669,3610000,33.8,17499987,164,207.464357,4560942.217,42.75789796,22130015.5
1-01404-7503,332-R1,8,1,97,1986,165624,6830000,41.2,34300000,207,261.8604994,8632172.917,52.11909456,43370383.35
1-01405-7501,103-R1,8,1,21,1982,34906,1375000,39.4,6909992,198,250.4752603,1739786.484,49.84204674,8743089.436
1-01407-7501,161-R1,8,1,138,1924,108820,3560000,32.7,17199999,158,199.8741976,4501488.246,41.36636874,21750310.18
1-01409-7501,299-R1,8,1,19,1986,41754,1465000,35.1,7370001,177,223.9097023,1853979.167,44.4024325,9349125.71
1-01409-7502,573-R1,8,2,55,1929,117892,3910000,33.2,18900000,160,202.4042507,4951332.199,41.99888202,23861841.92
1-01409-7503,639-R1,8,2,32,1925,53255,1715000,32.2,8310000,156,197.3441444,2169281.472,40.73385545,10509562.41
1-01410-7501,237-R1,8,2,81,1961,123370,3595000,29.1,17400000,141,178.3687459,4541530.132,36.8122731,22005352.18
1-01410-7502,721-R1,8,2,30,1925,45621,1470000,32.2,5555555,122,154.3332412,1858319.219,40.73385545,7040836.797
1-01410-7503,968-R1,8,1,73,1996,155731,6869294,44.1,34500001,222,280.8358979,8687869.886,55.7876716,43734855.22
1-01410-7504,1782-R1,8,1,38,1920,55758,1672740,30,8100000,145,183.4288522,2116060.54,37.95079701,10227625.94
1-01411-7501,1077-R1,8,1,20,1999,68979,2970235,43.1,14899999,216,273.2457385,3760917.532,54.52264503,18848217.8
1-01411-7502,1760-R1,8,1,56,1942,79883,2172817,27.2,10500001,131,165.7184803,2748671.989,34.40872262,13238089.36
1-01412-7501,712-R1,8,2,36,1927,54967,1380221,25.1,6170000,112,141.6829755,1745321.354,31.75216683,7787888.114
1-01412-7502,1158-R1,8,1,71,2000,165787,8030722,48.4,40399999,244,308.6664823,10150688.04,61.22728584,51172890.1
1-01412-7503,1407-R1,8,1,57,1942,72296,1850000,25.6,8960000,124,156.8632943,2341282.833,32.38468011,11340588.72
1-01413-7501,257-R1,8,1,66,1985,97000,3150000,32.5,15300013,158,199.8741976,3987996.253,41.11336343,19387797.17
1-01413-7502,1366-R1,8,1,14,1900,7541,215000,28.5,1040000,138,174.5736662,271877.6122,36.05325716,1316460.017
1-01414-7501,139-R1,8,1,137,1965,102271,3300285,32.3,15999997,156,197.3441444,4178829.684,40.86035811,20182582.99
1-01414-7502,1465-R1,8,1,62,2003,82086,2089909,25.5,10099995,123,155.5982677,2647944.755,32.25817746,12772439.4
1-01415-7501,307-R1,8,1,219,1986,254167,9089011,35.8,45699991,180,227.704782,11510702.67,45.2879511,57875041.33
1-01419-7501,197-R1,8,1,88,1963,124765,4029909,32.3,17549907,141,178.3687459,5097942.58,40.86035811,22254176.58
1-01419-7502,529-R1,8,1,295,1987,318183,11648679,36.6,58600004,184,232.7648883,14731864.1,46.29997235,74061830.45
1-01419-7503,833-R1,8,1,287,1978,307730,10364346,33.7,50199997,163,206.1993304,13118959.28,42.63139531,63453719.94
1-01423-7501,765-R1,8,1,283,1991,408657,19018896,46.5,95600003,234,296.0162167,24038731.22,58.82373536,120969099.1
1-01424-7501,466-R1,8,2,204,1957,206511,5749266,27.8,27900000,135,170.7785865,7262524.858,35.16773856,35267656.68
1-01424-7503,1797-R1,8,0,16,1900,9237,299370,32.4,1450000,157,198.609171,378595.6329,40.98686077,1834552.913
1-01425-7501,465-R1,8,2,88,1957,89223,2799817,31.4,12000000,134,169.51356,3544101.213,39.7218342,15124508.36
1-01430-7501,784-R1,8,2,295,1957,239536,6790845,28.3,32900000,137,173.3086397,8575449.125,35.80025184,41513658.32
1-01432-7501,356-R1,8,1,30,1930,18869,530030,28.1,2570000,136,172.0436131,670740.9948,35.54724653,3246290.936
1-01433-7501,423-R1,8,2,218,1931,233483,6269018,26.8,30400000,130,164.4534537,7915706.904,33.90271199,38397085.73
1-01435-7501,553-R1,8,1,157,1986,112099,4180171,37.3,21000001,187,236.559968,5289446.35,47.18549095,26518135.85
1-01436-7501,272-R1,8,1,110,1986,112573,4284528,38.1,21499981,191,241.6200743,5425738.541,48.1975122,27199896.62
1-01436-7502,546-R1,8,1,93,1977,66688,2184698,32.8,10599994,159,201.1392241,2767076.608,41.4928714,13413572.58
1-01436-7503,1665-R1,8,1,45,2005,28035,1345680,48,6770000,241,304.8714026,1702320.951,60.72127521,8547069.772
1-01438-7501,1-R1,8,1,306,1965,504238,17400000,34.5,87327061,173,218.8495961,22006669.08,43.64341656,110352282.6
1-01439-7501,427-R1,8,1,127,1987,149981,5645284,37.6,28400011,189,239.0900211,7133846.103,47.56499892,35858960.45
1-01439-7502,802-R1,8,2,56,1910,30899,909975,29.4,4410000,143,180.8987991,1149188.843,37.19178107,5589591.993
1-01441-7501,693-R1,8,1,204,1956,203938,7160263,35.1,36000003,177,223.9097023,9055343.279,44.4024325,45663696.87
1-01443-7501,175-R1,8,1,20,1984,22283,699909,31.4,3390004,152,192.2840382,885121.6315,39.7218342,4284665.223
1-01444-7501,377-R1,8,2,198,1963,206278,5959371,28.9,28900000,140,177.1037194,7541372.639,36.55926778,36532601.03
1-01445-7501,325-R1,8,2,284,1961,277478,7736086,27.9,37500000,135,170.7785865,9793375.465,35.29424122,47387300.62
1-01446-7501,514-R1,8,1,36,1988,70776,2700000,38.1,13600005,192,242.8851008,3411227.123,48.1975122,17190435.89
1-01446-7502,950-R1,8,1,75,1996,125555,4954400,39.5,24900024,198,250.4752603,6273801.219,49.96854939,31448421.31
1-01446-7503,1521-R1,8,1,13,2005,33133,1360000,41,6840002,206,260.5954728,1718479.135,51.86608924,8634309.8
1-01447-7501,406-R1,8,2,177,1961,175387,5789524,33,28100000,160,202.4042507,7321684.079,41.74587671,35499074.32
1-01448-7501,682-R1,8,2,121,1957,119227,3240589,27.2,15700000,132,166.9835068,4102448.772,34.40872262,19908942.57
1-01449-7501,196-R1,8,1,197,1985,238634,8829458,37,44399961,186,235.2949414,11169498.94,46.80598298,56149373.05
1-01449-7502,380-R1,8,2,149,1987,148594,5224565,35.2,26300000,177,223.9097023,6616732.591,44.52893516,33271638.3
1-01450-7501,707-R1,8,2,125,1961,91143,2860067,31.4,13900000,153,193.5490647,3620367.134,39.7218342,17640642.4
1-01451-7501,1254-R1,8,1,86,2000,187530,8035660,42.8,40399991,215,271.9807119,10153462.49,54.14313706,51004542.9
1-01455-7501,1144-R1,8,1,218,1999,310519,13700098,44.1,68900000,222,280.8358979,17323132,55.7876716,87204882.18
1-01457-7501,269-R1,8,1,54,1985,55942,1984822,35.5,9979994,178,225.1747289,2512268.126,44.90844313,12596724.68
1-01458-7501,480-R1,8,2,16,1910,12000,305040,25.4,1480000,123,155.5982677,385580.0976,32.1316748,1867179.212
1-01458-7502,645-R1,8,2,238,1958,304510,7055496,23.17,31500000,103,130.2977364,8925390.77,29.31066556,39676963.71
1-01458-7503,720-R1,8,2,495,1956,456286,11078624,24.28,49500000,108,136.6228692,14014753.78,30.71484504,62339102.5
1-01458-7504,1197-R1,8,2,16,1910,4267,199994,46.9,1010000,237,299.8112964,253160.0261,59.32974599,1279294.802
1-01460-7501,352-R1,8,1,158,1959,142140,4450403,31.3,18684230,131,165.7184803,5628080.425,39.59533154,23555224.79
1-01464-7501,134-R1,8,1,216,1984,248163,8588921,34.6,43200010,174,220.1146226,10862074.46,43.76991922,54624305.09
1-01466-7501,741-R1,8,1,205,1990,322581,12538723,38.9,62999986,195,246.6801806,15874060.51,49.20953345,79574339.34
1-01467-7501,687-R1,8,1,28,1910,19747,570095,28.9,2760000,140,177.1037194,721935.8609,36.55926778,3497267.147
1-01469-7501,649-R1,8,2,250,1962,273109,7210077,26.4,34900000,128,161.9234006,9120939.714,33.39670137,44222738.01
1-01470-7501,1203-R1,8,1,181,1999,200000,8446000,42.2,42500003,213,269.4506588,10676824.22,53.38412112,53890131.76
1-01471-7501,1300-R1,8,1,26,1900,24989,749919,30,3630003,145,183.4288522,948352.4665,37.95079701,4583703.588
1-01473-7501,246-R1,8,1,208,1986,205982,7370035,35.8,37100010,180,227.704782,9328502.743,45.2879511,46903086.41
1-01473-7502,593-R1,8,1,122,1959,141945,3639469,25.6,17599994,124,156.8632943,4596843.418,32.38468011,22265960.31
1-01473-7503,673-R1,8,2,36,1910,21145,555056,26.2,2690000,127,160.658374,700823.453,33.14369605,3397121.318
1-01473-7504,1458-R1,8,1,53,2004,108075,4000000,37,20099992,186,235.2949414,5058556.611,46.80598298,25429500.79
1-01483-7501,610-R1,8,1,147,1989,233223,7420000,31.8,35900003,154,194.8140913,9382058.655,40.22784483,45435126.82
1-01484-7501,1798-R1,8,1,361,1985,470423,22006388,46.8,111000028,236,298.5462698,27850567.34,59.20324333,140443031.9
1-01487-7501,239-R1,8,1,95,1956,50038,1450101,29,7029998,140,177.1037194,1835682.581,36.68577044,8861915.911
1-01487-7502,419-R1,8,1,209,1986,317169,12119027,38.2,60899998,192,242.8851008,15326879.47,48.32401486,77035624.54
1-01491-7501,26-R1,8,1,126,1973,199534,6259381,31.4,30299980,152,192.2840382,7925856.465,39.7218342,38367203.28
1-01491-7502,35-R1,8,1,13,1926,50888,1670000,32.8,8090000,159,201.1392241,2111489.24,41.4928714,10235572.84
1-01492-7501,531-R1,8,1,50,1987,101117,3759530,37.2,18899997,187,236.559968,4758463.719,47.05898829,23920234.28
1-01493-7501,51-R1,8,1,32,1981,50384,1670229,33.1,8090012,161,203.6692773,2109697.962,41.87237937,10261672.87
1-01493-7503,180-R1,8,2,17,1910,22751,559902,24.61,2500000,110,139.1529224,708291.044,31.13230381,3165868.138
1-01493-7504,912-R1,8,1,23,1929,52387,1609852,30.7,7800000,149,188.4889585,2034518.065,38.8363156,9874371.069
1-01495-7501,365-R1,8,2,56,1938,83594,2500296,29.9,12100000,145,183.4288522,3161884.062,37.82429435,15333551.47
1-01496-7501,444-R1,8,1,92,1987,152249,5739787,37.7,28899993,190,240.3550477,7260983.423,47.69150157,36593815.66
1-01497-7501,825-R1,8,1,54,1928,140295,5290524,37.7,26600000,190,240.3550477,6690879.213,47.69150157,33720611.42
1-01497-7501,825-R2,8,1,12,1928,3812,145008,38,729000,191,241.6200743,183246.6884,48.07100954,921055.7232
1-01498-7501,164-R1,8,1,46,1924,97767,2925188,29.9,14199994,145,183.4288522,3697967.786,37.82429435,17933288.59
1-01499-7501,343-R1,8,1,18,1986,60288,2334954,38.7,11700000,194,245.415154,2951491.169,48.95652814,14795588.8
1-01501-7501,810-R1,8,2,251,1969,487413,12048849,24.72,53800000,110,139.1529224,15242114.54,31.27145673,67824943.37
1-01505-7501,28-R1,8,1,29,1980,23232,785000,33.8,3638121,157,198.609171,993351.4854,42.75789796,4614088.261
1-01505-7502,100-R1,8,1,215,1984,299069,11265929,37.7,56599995,189,239.0900211,14263049.68,47.69150157,71504413.52
1-01507-7501,232-R1,8,1,17,1985,25633,885107,34.5,4449997,174,220.1146226,1118711.697,43.64341656,5642198.121
1-01510-7501,1698-R1,8,1,95,1985,138096,5660000,41,28499989,206,260.5954728,7162499.46,51.86608924,35987192.41
1-01511-7501,522-R1,8,2,32,1916,48138,1300207,27,6300000,131,165.7184803,1644187.92,34.15571731,7977356.205
1-01513-7501,318-R1,8,1,219,1987,285668,10401171,36.4,52299999,183,231.4998617,13154144.98,46.04696704,66132102.49
1-01513-7502,1308-R1,8,1,102,1986,82637,3555043,43,17899994,217,274.510765,4495134.018,54.39614238,22684746.09
1-01514-7501,611-R1,8,2,16,1920,15101,374957,24.83,1680000,111,140.4179489,474331.6165,31.41060966,2120451.446
1-01515-7501,264-R1,8,1,65,1939,60335,1819703,30.2,8819995,146,184.6938788,2305026.413,38.20380232,11143505.18
1-01515-7502,782-R1,8,1,223,1981,346269,14210879,41,71499993,206,260.5954728,17959618.86,51.86608924,90236133.77
1-01515-7503,842-R1,8,1,241,1991,343000,13126610,38.3,65999990,192,242.8851008,16618527.51,48.45051751,83309589.57
1-01516-7501,422-R1,8,1,42,1928,50156,1539789,30.7,7459997,149,188.4889585,1947874.245,38.8363156,9453852.203
1-01516-7502,1260-R1,8,2,198,1972,295573,8568661,29,41500000,140,177.1037194,10843323.23,36.68577044,52347077.65
1-01517-7501,454-R1,8,1,59,1929,71863,1764955,24.56,7889996,110,139.1529224,2232715.318,31.06905248,9999946.462
1-01518-7501,170-R1,8,1,104,1962,88510,2670346,30.2,12900000,146,184.6938788,3381418.543,38.20380232,16347255.21
1-01519-7501,1358-R1,8,1,94,2003,199437,8585762,43,43200001,217,274.510765,10848603.45,54.39614238,54747603.44
1-01521-7501,742-R1,8,1,30,1989,43060,1744791,40.5,8770000,204,258.0654197,2206117.781,51.23357596,11112296.97
1-01524-7501,526-R1,8,1,59,1928,95534,2436117,25.5,11799997,124,156.8632943,3081752.725,32.25817746,14985777.96
1-01524-7502,929-R1,8,2,100,1985,104951,3680000,35.1,18500000,176,222.6446758,4660079.693,44.4024325,23366781.37
1-01526-7501,895-R1,8,1,100,1926,194747,8399438,43.1,42200007,217,274.510765,10618121.55,54.52264503,53460147.95
1-01526-7502,1242-R1,8,1,147,1963,161572,4349518,26.9,21099998,131,165.7184803,5498168.269,34.02921465,26775466.3
1-01527-7501,172-R1,8,1,61,1985,99039,3600000,36.3,18100004,183,231.4998617,4547916.872,45.92046438,22927514.8
1-01532-7501,706-R1,8,1,60,1981,59228,2250071,38,11300002,191,241.6200743,2847149.753,48.07100954,14310673.76
1-01534-7501,404-R1,8,1,253,1987,235069,8601174,36.6,43200006,184,232.7648883,10883688.2,46.29997235,54715809.53
1-01534-7502,1738-R1,8,1,19,0,8600,318200,37,1599998,186,235.2949414,402531.4536,46.80598298,2023536.496
1-01536-7501,1277-R1,8,1,1258,1975,1496819,50906814,34,252160867,168,212.5244632,64379537.24,43.01090328,318110654.5
1-01539-7501,234-R1,8,1,290,1975,391767,11800022,30.1,57200026,146,184.6938788,14917429.46,38.07729966,72356966.82
1-01540-7501,1767-R1,8,1,43,0,43065,1546033,35.9,7770000,180,227.704782,1955773.451,45.41445375,9806106.437
1-01542-7501,250-R1,8,1,538,1975,433154,13280501,30.7,64299989,148,187.2239319,16822105.45,38.8363156,81096795
1-01543-7501,726-R1,8,1,328,1973,331552,8918748,26.9,43200015,130,164.4534537,11282454.18,34.02921465,54524871.48
1-01544-7501,1586-R1,8,1,149,1998,213419,8323341,39,41800012,196,247.9452071,10529247.49,49.33603611,52916218.15
1-01547-7501,1346-R1,8,1,14,1915,7921,214975,27.1,1040001,131,165.7184803,271549.4643,34.28221996,1312656.082
1-01548-7501,585-R1,8,2,27,1925,16350,399921,24.46,1790000,109,137.8878958,505910.6897,30.94254983,2254467.096
1-01550-7501,768-R1,8,1,163,1988,273330,8831292,32.3,42800004,157,198.609171,11168361.68,40.86035811,54285844.71
1-01551-7501,500-R1,8,0,14,1915,8345,280000,33.6,1360001,163,206.1993304,354703.3292,42.50489265,1720733.412
1-01552-7501,322-R1,8,1,26,1910,13796,370560,26.9,1799998,130,164.4534537,469467.0453,34.02921465,2268799.847
1-01552-7502,507-R1,8,1,31,1987,25593,890124,34.8,4480001,175,221.3796492,1126678.707,44.02292453,5665769.362
1-01554-7501,2006-R1,8,1,154,2000,181821,7514661,41.3,35570267,196,247.9452071,9499346.73,52.24559721,45081645.5
1-01555-7501,524-R1,8,1,221,1987,220209,6634897,30.1,32099993,146,184.6938788,8384964.081,38.07729966,40671254.36
1-01557-7501,483-R1,8,1,18,1987,17550,570024,32.5,2760001,157,198.609171,721539.5282,41.11336343,3485590.951
1-01562-7501,1539-R1,8,1,120,2005,180466,5500603,30.5,26699981,148,187.2239319,6962975.675,38.58331029,33787554.09
1-01564-7502,396-R1,8,1,88,1988,105768,3864762,36.5,19399996,183,231.4998617,4883675.542,46.17346969,24485277.37
1-01565-7501,942-R1,8,1,45,1935,51750,1300000,25.1,5809996,112,141.6829755,1643174.633,31.75216683,7332093.982
1-01566-7501,440-R1,8,1,142,1986,167332,5945305,35.5,29900005,179,226.4397555,7514619.606,44.90844313,37890617.17
1-01569-7501,117-R1,8,1,82,1910,109500,3050000,27.9,14799998,135,170.7785865,3864719.414,35.29424122,18700255.22
1-01569-7502,605-R1,8,1,197,1963,163567,4439208,27.1,21500019,131,165.7184803,5607439.872,34.28221996,27106074.67
1-01569-7503,1701-R1,8,1,128,1999,112798,3717822,33,18000007,160,202.4042507,4708851.401,41.74587671,22830794.67
1-01576-7501,277-R1,8,1,91,1986,81223,2945145,36.3,14800002,182,230.2348352,3729797.878,45.92046438,18700364.02
1-01577-7501,33-R1,8,1,163,1964,103108,2800413,27.2,13599999,132,166.9835068,3547814.572,34.40872262,17217335.42
1-01577-7502,45-R1,8,1,68,1981,137403,4990476,36.3,25099998,183,231.4998617,6309609.567,45.92046438,31808775.5
1-01577-7503,207-R1,8,1,16,1981,18290,535000,29.3,2589997,142,179.6337725,677923.9421,37.06527841,3285501.699
1-01578-7501,517-R1,8,1,82,1988,118052,4195568,35.5,21100004,179,226.4397555,5301531.528,44.90844313,26731666.02
1-01578-7502,1481-R1,8,1,32,1910,12888,373752,29,1860001,144,182.1638256,472806.2094,36.68577044,2347727.384
1-01580-7501,1130-R1,8,1,40,1999,119396,5000304,41.9,25100003,210,265.6555791,6328538.792,53.00461315,31718213.52
1-01602-7501,1167-R1,8,1,60,1924,108700,3340351,30.7,16199998,149,188.4889585,4221507.506,38.8363156,20488749.79
1-01607-7501,1669-R1,8,1,51,1928,120464,3975312,33,19300001,160,202.4042507,5028875.292,41.74587671,24382425.66
1-01613-7501,267-R1,8,1,59,1925,63284,1430218,22.6,6390000,101,127.7676833,1809264.272,28.58960041,8085650.07
1-01614-7501,1285-R1,8,1,11,2003,7742,185033,23.9,826997,107,135.3578427,234072.6728,30.23413495,1047940.418
1-01113-7501,62-R1,9,1,166,1982,202235,8089400,40,40699997,201,236.2904676,9509692.083,47.02297863,47786202.72
1-01113-7502,953-R1,9,1,158,1960,415113,16604520,40,83500004,201,236.2904676,19519849.73,47.02297863,98087244.88
1-01114-7501,184-R1,9,1,94,1930,125900,4532400,36,22800010,181,212.7789783,5328173.709,42.32068077,26788873.37
1-01114-7502,941-R1,9,1,120,1987,146748,5576424,38,27999991,191,224.534723,6555501.665,44.6718297,32950021.53
1-01114-7503,1653-R1,9,1,202,2005,730068,35043264,48,176000003,241,283.3134463,41195966.36,56.42757436,206838081.1
1-01115-7501,612-R1,9,1,425,1932,598316,20941060,35,105018670,176,206.901106,24617775.42,41.1451063,123792242.1
1-01115-7502,1219-R1,9,2,277,1981,276911,11353351,41,57100000,206,242.16834,13346709.54,48.1985531,67059077.2
1-01116-7501,125-R1,9,1,655,1970,806195,28216825,35,141999993,176,206.901106,33170978.97,41.1451063,166802637.2
1-01116-7502,2001-R1,9,1,53,1999,146262,5850480,40,29400000,201,236.2904676,6877674.9,47.02297863,34560316.37
1-01117-7501,107-R1,9,1,11,1983,9335,313002,33.5,1520000,163,191.6186379,367628.5859,39.38174461,1788759.985
1-01117-7502,1303-R1,9,1,65,1911,87712,3508480,40,17599989,201,236.2904676,4124479.502,47.02297863,20725509.49
1-01118-7501,241-R1,9,1,54,1939,40545,1379000,34,6929995,171,201.0232337,1620564.668,39.96953184,8150487.01
1-01118-7502,913-R1,9,1,26,1986,58898,2355920,40,11800001,200,235.1148932,2769559.395,47.02297863,13847796.98
1-01120-7501,126-R1,9,1,175,1983,154328,5555808,36,27899994,181,212.7789783,6531266.022,42.32068077,32837754.16
1-01124-7501,181-R1,9,2,142,1926,114510,4122360,36,20700000,181,212.7789783,4846141.155,42.32068077,24365320.81
1-01125-7501,1201-R1,9,1,132,1928,139400,5018400,36,25199976,181,212.7789783,5899502.899,42.32068077,29661389.58
1-01125-7502,1607-R1,9,1,158,1924,239122,9564880,40,48100002,201,236.2904676,11244228.7,47.02297863,56502249.19
1-01126-7502,763-R1,9,1,62,1900,57627,1959318,34,9850000,171,201.0232337,2303324.211,39.96953184,11584365.89
1-01128-7502,677-R1,9,0,13,1910,8625,310000,35.9,1559998,181,212.7789783,364001.9386,42.20312332,1835218.688
1-01129-7501,634-R1,9,0,13,1900,6641,245717,37,1240001,187,219.8324251,288858.631,43.49625524,1459907.135
1-01131-7501,1055-R1,9,1,133,1998,239035,10039470,42,50500003,211,248.0462123,11802144.58,49.37412757,59291726.36
1-01132-7501,492-R1,9,1,222,1988,269253,10770120,40,54200009,201,236.2904676,12661078.07,47.02297863,63621917.27
1-01137-7501,760-R1,9,1,347,1989,442560,20358000,46,102000001,230,270.3821271,23932062.84,54.07642543,119660314.2
1-01138-7501,921-R1,9,1,143,1995,271808,11415936,42,57399997,211,248.0462123,13420282.87,49.37412757,67420944.87
1-01138-7502,966-R1,9,1,199,1997,320750,13792250,43,69300036,216,253.9240846,16213816.93,50.54970203,81446150.14
1-01139-7501,351-R1,9,1,75,1985,68609,2607142,38,13100004,191,224.534723,3064889.564,44.6718297,15405102.81
1-01139-7503,893-R1,9,1,281,1992,325921,13688682,42,68800020,211,248.0462123,16092065.03,49.37412757,80843469.56
1-01140-7501,160-R1,9,1,680,1965,665236,23283260,35,117000029,176,206.901106,27371205.93,41.1451063,137638064.2
1-01140-7502,417-R1,9,1,161,1987,239435,9577400,40,48199997,201,236.2904676,11258946.89,47.02297863,56576208.11
1-01141-7501,31-R1,9,1,83,1903,95930,2973830,31,14400000,150,176.3361699,3495958.614,36.44280844,16915928.78
1-01141-7502,601-R1,9,2,272,1977,218992,8759680,40,44000000,201,236.2904676,10297656.14,47.02297863,51745722.08
1-01142-7501,81-R1,9,1,87,1927,119000,3213000,27,15600005,131,154.000255,3777120.759,31.74051058,18326030.35
1-01142-7502,688-R1,9,1,122,1989,179380,6995820,39,35199998,196,230.4125953,8224107.36,45.84740417,41331411.34
1-01143-7502,431-R1,9,1,55,1940,43578,1740000,39.9,8749991,201,236.2904676,2044044.445,46.90542119,10297066
1-01143-7503,523-R1,9,2,35,1900,36236,1087080,30,5270000,145,170.4582975,1277943.49,35.26723398,6176726.868
1-01143-7504,579-R1,9,1,66,1905,46142,1384260,30,6710004,145,170.4582975,1627300.71,35.26723398,7865286.763
1-01144-7501,327-R1,9,1,34,1913,50284,1508520,30,7310000,145,170.4582975,1773377.593,35.26723398,8571325.031
1-01146-7501,270-R1,9,2,62,1952,70100,2032900,29,9850000,141,165.7559997,2389825.332,34.09165951,11619495.58
1-01147-7501,823-R1,9,2,132,1925,181976,5823232,32,28200000,155,182.2140422,6845642.848,37.61838291,33158582.54
1-01149-7501,589-R1,9,0,28,1900,14940,418320,28,2030009,136,159.8781274,491766.3105,32.91608504,2388579.223
1-01150-7502,159-R1,9,1,23,1988,47376,1800288,38,9050004,191,224.534723,2116372.604,44.6718297,10637557.04
1-01150-7503,405-R1,9,1,93,1987,68225,2456100,36,12300002,180,211.6034039,2887328.446,42.32068077,14436642.23
1-01150-7504,1415-R1,9,1,98,1930,135531,4336992,32,20999997,155,182.2140422,5098457.054,37.61838291,24695651.35
1-01151-7501,759-R1,9,2,248,1991,264070,9202839,34.8,46300000,175,205.7255315,10803101.43,40.90999141,54325941.1
1-01151-7501,759-R2,9,2,132,1991,92422,3350297,36.2,16800000,182,213.9545528,3933091.746,42.55579566,19774107.68
1-01152-7501,1544-R1,9,1,80,2004,86299,3624558,42,18199998,211,248.0462123,4260937.835,49.37412757,21406140.08
1-01158-7501,408-R1,9,2,508,1963,471630,12969825,27.5,62800000,133,156.351404,15246995.1,32.32829781,73740012.67
1-01158-7502,410-R1,9,2,452,1965,493268,13564870,27.5,65700000,133,156.351404,15946514.8,32.32829781,77123144.35
1-01158-7503,414-R1,9,2,454,1963,452258,12437095,27.5,60300000,133,156.351404,14620731.31,32.32829781,70711173.27
1-01158-7504,407-R1,9,2,561,1964,640079,17282133,27,83700000,131,154.000255,20316434.27,31.74051058,98572329.22
1-01158-7505,409-R1,9,2,484,1965,474360,13044900,27.5,63200000,133,156.351404,15335251.35,32.32829781,74166852
1-01163-7501,231-R1,9,1,58,1986,58000,2030000,35,10199999,176,206.901106,2386416.165,41.1451063,12000264.15
1-01164-7501,731-R1,9,1,202,1991,265469,9291415,35,46700001,176,206.901106,10922750.22,41.1451063,54925829.71
1-01165-7501,189-R1,9,1,159,1926,186929,5420941,29,26300010,141,165.7559997,6372719.821,34.09165951,30984603.27
1-01165-7503,799-R1,9,1,465,1902,446600,12951400,29,62699990,140,164.5804252,15225335.14,34.09165951,73501617.89
1-01165-7505,1674-R1,9,1,29,1928,132048,4753728,36,23900002,181,212.7789783,5588361.254,42.32068077,28097038.53
1-01166-7501,344-R1,9,1,92,1922,54975,1649250,30,7990003,145,170.4582975,1938816.188,35.26723398,9370944.905
1-01167-7501,650-R1,9,2,110,1924,107050,3211500,30,13555555,127,149.2979572,3775357.398,35.26723398,15982346.32
1-01169-7501,876-R1,9,0,16,1920,9957,278796,28,1349998,136,159.8781274,327745.4587,32.91608504,1591906.515
1-01170-7501,627-R1,9,2,272,1975,226556,7249792,32,35100000,155,182.2140422,8522670.359,37.61838291,41281684.54
1-01171-7501,1058-R1,9,1,372,1997,512280,21003480,41,106000010,207,243.3439144,24691154.78,48.1985531,124660220.5
1-01171-7502,1262-R1,9,1,422,2000,602694,24710454,41,124000005,206,242.16834,29048978.76,48.1985531,145953405.5
1-01171-7503,1401-R1,9,1,167,2004,322204,13854772,43,69699995,216,253.9240846,16287316.19,50.54970203,81815355.75
1-01171-7504,1463-R1,9,1,277,2004,263003,11835135,45,59500019,226,265.6798293,13913082.51,52.90085096,69874592.15
1-01179-7501,411-R1,9,2,403,1962,421100,11580250,27.5,56100000,133,156.351404,13613446.21,32.32829781,65839576.22
1-01179-7502,412-R1,9,2,432,1962,383760,10553400,27.5,51100000,133,156.351404,12406307.57,32.32829781,60001414.8
1-01179-7503,413-R1,9,2,543,1962,533710,14677025,27.5,71100000,133,156.351404,17253935.82,32.32829781,83446307.83
1-01182-7501,547-R1,9,1,148,1930,152076,4182000,27.5,17954961,118,138.717787,4916358.218,32.32829781,21095646.18
1-01184-7501,1631-R1,9,1,25,1931,45968,1517000,33,7350001,160,188.0919145,1783280.632,38.79395737,8646209.126
1-01197-7501,334-R1,9,1,37,1924,55226,1657000,30,7186777,130,152.8246806,1947668.264,35.26723398,8439895.811
1-01198-7502,909-R1,9,1,52,1900,39438,1183140,30,5730001,145,170.4582975,1390869.174,35.26723398,6722534.337
1-01199-7502,481-R1,9,1,20,1910,28600,1001000,35,5030001,176,206.901106,1176750.04,41.1451063,5917371.632
1-01202-7501,692-R1,9,1,36,1988,115502,4620080,40,23200003,201,236.2904676,5431248.078,47.02297863,27292021.59
1-01203-7501,1000-R1,9,1,47,1927,39942,1278000,32,6189992,155,182.2140422,1502553.45,37.61838291,7277993.274
1-01203-7502,1008-R1,9,1,11,1960,19902,636864,32,3089999,155,182.2140422,748681.0567,37.61838291,3626423.868
1-01206-7501,1257-R1,9,1,85,1929,130259,3907770,30,18899997,145,170.4582975,4593874.631,35.26723398,22203727.37
1-01209-7501,839-R1,9,1,18,1991,53656,1877960,35,9439999,176,206.901106,2207681.824,41.1451063,11101485.74
1-01210-7501,204-R1,9,1,147,1986,215942,7557970,35,38000006,176,206.901106,8884956.545,41.1451063,44678638.63
1-01210-7502,669-R1,9,1,91,1920,60653,1819590,30,8819986,145,170.4582975,2139063.543,35.26723398,10338807.12
1-01212-7501,36-R1,9,2,134,1900,148751,4016277,27,19500000,131,154.000255,4721432.689,31.74051058,22907691.93
1-01213-7503,512-R1,9,1,36,1912,35516,958932,27,4650000,131,154.000255,1127295.974,31.74051058,5469473.057
1-01213-7504,722-R1,9,2,59,0,48846,1416534,29,5510286,113,132.8399146,1665241.2,34.09165951,6488698.469
1-01216-7501,391-R1,9,1,47,1986,27600,855600,31,4149999,150,176.3361699,1005821.513,36.44280844,4866878.289
1-01216-7502,757-R1,9,1,79,1929,72721,1963467,27,9509999,131,154.000255,2308201.67,31.74051058,11199052.54
1-01216-7503,1031-R1,9,1,38,1998,70430,2605910,37,13100002,186,218.6568506,3063441.257,43.49625524,15400001.99
1-01219-7501,242-R1,9,1,108,1985,145070,4497170,31,21800002,150,176.3361699,5286758.22,36.44280844,25581088.17
1-01220-7501,252-R1,9,1,47,1900,33570,1209000,36,6080003,181,212.7789783,1420705.253,42.32068077,7142990.302
1-01220-7502,521-R1,9,1,13,1989,27389,959000,35,4820000,176,206.901106,1126923.316,41.1451063,5666814.392
1-01220-7503,618-R1,9,1,26,1989,54778,1918000,35,9640004,176,206.901106,2253846.633,41.1451063,11333628.78
1-01220-7504,774-R1,9,1,59,1990,60767,2127000,35,10700001,176,206.901106,2500264.675,41.1451063,12572759.51
1-01223-7501,357-R1,9,2,93,1930,100964,2423136,24,10800000,107,125.7864678,2848576.809,28.21378718,12699904.93
1-01223-7502,550-R1,9,1,53,1925,62389,1497000,23.99,6690005,107,125.7864678,1759496.54,28.20203144,7847691.94
1-01223-7503,1645-R1,9,1,279,1973,246842,5677366,23,25399999,103,121.08417,6674166.502,27.03821271,29888658.69
1-01228-7501,508-R1,9,1,123,1987,132774,4647090,35,23400016,176,206.901106,5463000.344,41.1451063,27471087.45
1-01228-7502,490-R1,9,1,28,1910,27772,916000,33,4439998,160,188.0919145,1077385.784,38.79395737,5223688.649
1-01228-7503,1487-R1,9,1,12,2004,21807,850000,39,4270004,196,230.4125953,999794.3427,45.84740417,5024607.466
1-01229-7501,261-R1,9,1,55,1920,80629,2016000,25,9010004,112,131.6643402,2369634.84,29.38936165,10615964.09
1-01230-7501,590-R1,9,2,97,1923,155319,4659570,30,22600000,146,171.633872,5477671.515,35.26723398,26658001.37
1-01231-7501,386-R1,9,1,306,1985,369189,12921615,35,65000005,176,206.901106,15190320.65,41.1451063,76385612.42
1-01232-7501,616-R1,9,2,76,1915,147022,4410660,30,21400000,146,171.633872,5185059.274,35.26723398,25233955.13
1-01232-7502,1230-R1,9,1,89,1915,123646,3709380,30,18000008,146,171.633872,4360652.413,35.26723398,21221841.74
1-01233-7501,296-R1,9,1,45,1912,79554,2147958,27,10399997,131,154.000255,2525084.579,31.74051058,12251336.29
1-01233-7502,892-R1,9,1,57,1986,60115,2164000,36,10900006,181,212.7789783,2544107.724,42.32068077,12791208.28
1-01234-7501,600-R1,9,2,354,1987,412000,14420000,35,72500000,176,206.901106,16951783.8,41.1451063,85243255.67
1-01235-7501,74-R1,9,1,60,1920,56306,1520262,27,7369996,131,154.000255,1787181.189,31.74051058,8671138.358
1-01236-7501,428-R1,9,2,142,1986,134054,4691890,35,23600000,176,206.901106,5515666.08,41.1451063,27735920.86
1-01237-7501,285-R1,9,1,72,1920,147994,3995838,27,19400019,131,154.000255,4697405.123,31.74051058,22791113.74
1-01237-7502,384-R1,9,1,157,1985,170760,5976600,35,30100008,176,206.901106,7025938.352,41.1451063,35330432.86
1-01238-7501,1117-R1,9,1,93,1922,166559,5080049,30.5,24600005,148,173.9850209,5971976.478,35.85502121,28978771.1
1-01238-7503,1265-R1,9,1,84,1920,118026,3540780,30,17199998,146,171.633872,4162450.558,35.26723398,20257259.38
1-01239-7501,732-R1,9,1,37,1913,59951,1618677,27,7840000,131,154.000255,1902875.35,31.74051058,9232469.288
1-01239-7502,1089-R1,9,1,47,1916,92402,2772060,30,13400006,145,170.4582975,3258762.954,35.26723398,15750687.61
1-01240-7501,387-R1,9,1,15,1900,15815,474450,30,2300001,145,170.4582975,557751.3054,35.26723398,2695797.975
1-01240-7502,1727-R1,9,1,58,1926,116997,2164444,18.5,8800000,75,88.16808494,2544465.687,21.74812762,10315401.43
1-01241-7501,200-R1,9,1,15,1930,16506,478674,29,2320000,141,165.7559997,562716.9319,34.09165951,2735968.531
1-01243-7501,415-R1,9,1,212,1986,145085,5077975,35,25500003,176,206.901106,5969537.748,41.1451063,30018246.96
1-01244-7501,221-R1,9,1,24,1920,20118,614000,30.5,2970000,148,173.9850209,721331.3167,35.85502121,3500230.65
1-01245-7501,29-R1,9,2,17,1920,25216,731264,29,3540000,140,164.5804252,859655.2862,34.09165951,4150060.002
1-01246-7501,78-R1,9,1,22,1910,28436,867000,30.5,4199999,148,173.9850209,1019573.383,35.85502121,4947438.054
1-01247-7501,740-R1,9,1,70,1950,90566,2355000,26,11400001,126,148.1223827,2768144.004,30.56493611,13414851.71
1-01250-7503,1692-R1,9,1,24,1920,60480,1331000,22.01,5949997,98,115.2062977,1564883.349,25.87439399,6967676.885
1-01250-7504,1747-R1,9,1,54,1923,55190,883040,16,3590002,65,76.41234028,1038079.276,18.80919145,4217197.06
1-01251-7501,1129-R1,9,1,51,1911,78380,2116260,27,10299998,131,154.000255,2487821.219,31.74051058,12070539.99
1-01252-7501,149-R1,9,1,32,1920,32750,917000,28,3644438,111,130.4887657,1078001.785,32.91608504,4273507.077
1-01253-7501,533-R1,9,1,30,1902,32905,921000,28,4460000,136,159.8781274,1083103.778,32.91608504,5260789.782
1-01253-7502,647-R1,9,1,104,1989,167752,5871320,35,29500009,176,206.901106,6902173.872,41.1451063,34708074.33
1-01253-7503,1608-R1,9,1,261,1931,208241,5000000,24.01,22300019,107,125.7864678,5877715.283,28.22554292,26193899.84
1-01859-7501,1027-R1,9,1,56,1990,39543,982643,24.85,4390000,111,130.4887657,1155170.667,29.21302548,5159917.262
1-01868-7501,93-R1,9,1,302,1983,358000,8950000,25,40000026,112,131.6643402,10521391.47,29.38936165,47135833.79
1-01869-7501,516-R1,9,1,56,1901,80242,1845566,23,8250000,103,121.08417,2169600.264,27.03821271,9716035.969
1-01869-7502,708-R1,9,1,61,1914,97950,2056950,21,9189996,94,110.5039998,2418097.897,24.68706378,10823866.78
1-01870-7501,353-R1,9,1,31,1920,49780,1045380,21,4669995,94,110.5039998,1228922.035,24.68706378,5500889.11
1-01870-7502,438-R1,9,2,79,1911,163616,2781472,17,11300000,69,81.11463814,3269827.461,19.98476592,13271652.63
1-01870-7503,1161-R1,9,1,32,1912,32752,786000,24,3510002,107,125.7864678,924057.9577,28.21378718,4119758.393
1-01874-7501,362-R1,9,2,345,1927,221974,4661454,21,20800000,94,110.5039998,5479886.296,24.68706378,24529014.85
1-01875-7501,1338-R1,9,1,83,2003,110625,3318750,30,16100000,146,171.633872,3901437.759,35.26723398,18986997.09
1-01876-7501,464-R1,9,1,46,1930,33324,733000,22,3279997,98,115.2062977,861846.557,25.86263825,3839134.665
1-01878-7501,1406-R1,9,1,64,2004,109623,3195510,29.1,15500006,141,165.7559997,3750116.991,34.20921696,18170669.96
1-01880-7501,519-R1,9,1,44,1925,42503,799056,18.8,3249994,76,89.3436594,939350.3007,22.10079996,3797373.555
1-01881-7501,188-R1,9,1,148,1920,107102,2570000,24,11499957,107,125.7864678,3021753.035,28.21378718,13471982.27
1-01881-7502,291-R1,9,1,36,1911,59769,1434000,23.99,6410004,107,125.7864678,1685607.217,28.20203144,7518131.394
1-01881-7503,1410-R1,9,1,49,1900,49828,1143552,22.95,5109998,103,121.08417,1344331.237,26.97943399,6033382.023
1-01882-7501,312-R1,9,1,56,1920,70493,1692000,24,7560002,107,125.7864678,1988874.5,28.21378718,8867065.475
1-01882-7502,1588-R1,9,1,55,2005,79805,2793175,35,14000004,175,205.7255315,3283585.208,41.1451063,16417926.04
1-01883-7501,532-R1,9,2,135,1930,147648,3085843,20.9,13800000,93,109.3284253,3627638.472,24.56950634,16142123.34
1-01883-7502,718-R1,9,1,71,1990,46573,1164325,25,5199997,112,131.6643402,1368750.74,29.38936165,6132003.316
1-01887-7501,1703-R1,9,1,61,1920,45808,732928,16,2980003,65,76.41234028,861611.4419,18.80919145,3500296.484
1-01888-7501,315-R1,9,1,32,1910,39500,672000,17.01,2730005,69,81.11463814,789862.6056,19.99652166,3204028.207
1-01889-7501,872-R1,9,1,106,1928,195971,4056599,20.7,18100002,92,108.1528509,4768835.025,24.33439144,21194822.34
1-01893-7501,831-R1,9,2,137,1920,165106,3467226,21,15500000,94,110.5039998,4075982.352,24.68706378,18244873.39
1-01894-7501,497-R1,9,2,151,1926,192853,3278501,17,13300000,69,81.11463814,3854122.062,19.98476592,15643201.31
1-01896-7501,202-R1,9,2,46,1911,63300,1322970,20.9,5910000,93,109.3284253,1555249.751,24.56950634,6920489.321
